time,x,y,z,vx,vy,vz,ctrl_abd,ctrl_hip,ctrl_knee,ext_force
0.0,-0.001244870910501687,4.990671988506434e-05,0.2723747675921974,-0.1123027609235957,0.0064460882429779424,0.2055496535169218,-0.065,0.64,-1.758,0.0
0.02,-0.004730494525194142,0.0005181125688901557,0.2765408559298472,-0.22536457324131565,0.04249340064428301,0.19460546798256184,-0.06411785164823623,0.5942722128006923,-1.7271455818116788,0.0
0.04,-0.010409875293576213,0.0020493067160116977,0.27989900689835373,-0.3231500581650497,0.10081944314342946,0.14554361082149728,-0.0802485749995326,0.5947834542947263,-1.7002117291485221,0.0
0.06,-0.0174322707249421,0.004511834381561321,0.28214067610731725,-0.3658543365098612,0.1405322692347584,0.08054483003065614,-0.07602476540678531,0.6259817788479956,-1.677417631435702,0.0
0.08,-0.024643635688983194,0.007958798736105485,0.2827524724475205,-0.35018962232273126,0.189707639234807,-0.01747773900831332,-0.12274530032377445,0.6936223278436237,-1.6604515699877023,0.0
0.1,-0.03095002718581453,0.01145537465378153,0.28114336892245406,-0.28432036799793914,0.16936366384472817,-0.1332257992261044,-0.04858990211277639,0.7963526877323321,-1.650327507870574,0.0
0.12,-0.03598448418651161,0.016355427563791658,0.2771813271172128,-0.22386652823901768,0.27192303728851913,-0.24590040504503746,-0.27323678649548044,0.9112603893326205,-1.6473786620407826,0.0
0.14,-0.039548420266857065,0.019197979299386915,0.27278745202246507,-0.14392948515133724,0.05601651823854322,-0.2012173242337859,0.29783173398818086,1.0289065261466563,-1.6516255885989768,0.0
0.16,-0.04205009851911792,0.022518151648388718,0.2673822783166948,-0.10565069389702285,0.2217189021147024,-0.3215393045924448,-0.6997801075853758,1.064206317971462,-1.664041923433467,0.0
0.18,-0.04318874602303755,0.0239721834954458,0.26164526014968903,-0.018014278733493774,-0.02102213296742239,-0.27431307255563175,0.4990819198499689,1.1353003465332157,-1.6829541869300033,0.0
0.2,-0.04314437383601886,0.025781199649696326,0.254588197260328,0.023887832458978853,0.15256736115144698,-0.40825020628212694,-0.5595706279717109,1.119323278646275,-1.70714126179759,0.0
0.22,-0.041880845201695834,0.025339276392993885,0.24791699680800086,0.07604486355365071,-0.1505473192979512,-0.25250617939654535,0.6033573457028691,1.150929447013381,-1.7336271520261166,0.0
0.24,-0.04167380701427534,0.025330661225691498,0.24464453878940579,-0.0314315972083069,0.09680216948067419,-0.08460935134375265,-0.5950899766441327,1.1314948410507901,-1.796340976318489,0.0
0.26,-0.042517156969173776,0.02432870041647785,0.24538438681120484,-0.051315865835124,-0.14067955532604545,0.11000704907528823,0.6212194288957902,1.0792855448102057,-1.8775926763598234,0.0
0.28,-0.044129661702108774,0.024311616779659505,0.24813807074011254,-0.08978466363232188,0.09332495590431497,0.15898601681631935,-0.5820514530134018,1.1021428664010342,-1.9514313070279246,0.0
0.3,-0.045251431237944305,0.02397885955061081,0.25201247019547013,-0.02951198298619688,-0.07776688916536376,0.21011910175686482,0.5936674402037088,1.0297901548400252,-2.010695392752735,0.0
0.32,-0.04576207508428598,0.025414840544867572,0.25651289576935893,-0.018418378678852074,0.17277123988710555,0.23344707440172013,-0.588242937064231,1.0525640754816363,-2.0503369486419363,0.0
0.34,-0.04525817996920266,0.027100422828832908,0.26075093173678304,0.05394284932045254,0.04057126190909556,0.18644605583313673,0.5388189291862482,0.9813616792844311,-2.0671850507607084,0.0
0.36,-0.0442030948066716,0.030943047097724947,0.26412964259890426,0.05423253148069649,0.2876283203935259,0.14751856755515608,-0.6333437352024642,0.9878611165340895,-2.059522869816074,0.0
0.38,-0.04248296902459399,0.03488438605762265,0.2658109157549306,0.1084263079250003,0.15024988874057232,0.026090337931126875,0.41811600786659947,0.9137814289141161,-2.027712244061092,0.0
0.4,-0.04029835191727051,0.04052026349045432,0.2651936684068905,0.11448097179469578,0.3563226988421639,-0.08663002189725955,-0.728429153126765,0.9168991965007646,-1.9737038065011245,0.0
0.42,-0.03754660816276519,0.045136823596692584,0.2632969403048298,0.17929954860216335,0.08904709548041492,0.023265831267989867,0.28887300026616275,0.8761327563296629,-1.9012204901243883,0.0
0.44,-0.03340233927336479,0.04902228250212083,0.26284526125473934,0.22502989489975228,0.254164218349988,-0.07828711199623371,-0.7435836567758729,0.8041300580300236,-1.8165447460084738,0.0
0.46,-0.028545336791062047,0.05034562972335226,0.2637163716320799,0.25428423461207933,-0.045841507580549695,0.09574547693139152,0.3998225077629191,0.7827567544999923,-1.7432369923404394,0.0
0.48,-0.022901967877767226,0.05113177020851459,0.2633334017307516,0.3065704718298827,0.08672810682373833,-0.09947814419434131,-0.6371601835733234,0.7013768704775503,-1.7116159465247218,0.0
0.5,-0.016633945059519102,0.050426354074325816,0.2614066161126268,0.32331119076335435,-0.10835467348549219,-0.11019629476211773,0.5118152946888945,0.7601253153280678,-1.6821324911095044,0.0
0.52,-0.009353731169832702,0.049910334012400435,0.2574231625234163,0.3963210189975702,0.01679114061131908,-0.25408266250807204,-0.5615420115519398,0.7716452642838982,-1.6567706810337068,0.0
0.54,-0.001130685087002768,0.04726465915536754,0.25287625740544206,0.4251118088453506,-0.23039053708931848,-0.22507311734492924,0.5675424646334231,0.8499056619145217,-1.636929265198598,0.0
0.56,0.007936200863431093,0.04438855926970786,0.24773286794717178,0.46560903057711206,-0.08217515153578056,-0.24105191694208744,-0.4536762943262119,0.8730866660221537,-1.6250676486619526,0.0
0.58,0.017280061395360275,0.03951199992521288,0.24411807468900223,0.4646786412314129,-0.3486772606491225,-0.13309385843429805,0.6581016627742846,0.9716716316934293,-1.6217839810527934,0.0
0.6,0.026589777346274445,0.03534763037695418,0.24278616933871675,0.465682012015489,-0.12566741284599456,-0.016853008608520986,-0.5094843369864053,1.0249635470234595,-1.6287152134552794,0.0
0.62,0.03581462474363052,0.029415031249140824,0.24334507541624167,0.46310204593983306,-0.40265824587630833,0.045798549195220035,0.6467644450430623,1.1268552792969047,-1.6457187697826412,0.0
0.64,0.04543542082810724,0.02448363289409233,0.24505218082850186,0.49546196327337855,-0.12017364959937432,0.14864968327823064,-0.5086382672847161,1.139079817127654,-1.6711087387248813,0.0
0.66,0.054501121448677685,0.019689654868015674,0.24811948677957682,0.42473129770923934,-0.30252606051898623,0.1411135592863752,0.6107365750012841,1.1592880727445358,-1.7023967548735572,0.0
0.68,0.06269736395987102,0.01682779397337432,0.25129584191500615,0.41058284436273096,-0.051739220260613325,0.1421517059813423,-0.5863876934041921,1.1323082634349655,-1.737479977970461,0.0
0.7000000000000001,0.07086467558302008,0.014034151540700012,0.25269875216759546,0.41248708529637956,-0.1875822775449966,0.009324062573468331,0.4905941686091529,1.0962530658124707,-1.822617437424759,0.0
0.72,0.07948448697841842,0.012880064912948715,0.2521407657492705,0.4498643198470086,0.015649848002286453,-0.06810122567814568,-0.656763611552569,1.0779484763412395,-1.9053184262575202,0.0
0.74,0.08844683861139187,0.011371344124746083,0.2501665345351628,0.4351301212252164,-0.13511854758137654,-0.09140870521005089,0.4014935164059153,1.0013329668447535,-1.974211500563547,0.0
0.76,0.09744201235939212,0.011095860186889663,0.24810299634682775,0.46176017408056086,0.06157143589649241,-0.11045814661773606,-0.7069995339752242,1.0060978846085593,-2.0244664200873155,0.0
0.78,0.10628181894707495,0.010162516188880309,0.24672106185304363,0.42298902939409705,-0.11265395534575906,-0.04389804317757555,0.46984439404596073,0.9563883286613876,-2.053208196619284,0.0
0.8,0.11542037118151292,0.010409640834438124,0.24519970596332086,0.48567183510010803,0.08738472588693891,-0.10868262860090498,-0.6671100342881677,1.0019183996276382,-2.058745402579482,0.0
0.8200000000000001,0.12493094252211806,0.01018727669457619,0.24286006834807,0.46494779585015056,-0.0691170931079776,-0.13554867436763268,0.448463612774677,0.9574402096328334,-2.039916736256373,0.0
0.84,0.13489579425139941,0.010915327981522555,0.23877649724223118,0.5201626065658277,0.09491922063755112,-0.25513138902530896,-0.6974492290432777,0.9902058520324138,-1.9975166149079548,0.0
0.86,0.14456462506405066,0.008276981436340989,0.23683197159780317,0.45026075171912416,-0.2968430802734952,0.022159166673062978,0.34540950894798506,0.9641803469541619,-1.9338824334068088,0.0
0.88,0.15382101277753976,0.004277280665280939,0.23656914650480998,0.4660949416033586,-0.1419315892046556,-0.04514191180755825,-0.6036191829340374,0.8197335990871988,-1.856705150666147,0.0
0.9,0.1620330764209928,-0.0015514382507608787,0.23630546510617353,0.3860870305158815,-0.3759442630608405,-0.012064976670007051,0.42338839535969297,0.7612977568814123,-1.7713619519444246,0.0
0.92,0.17032696207674927,-0.007412437146816938,0.2349062436855722,0.43628222244957243,-0.23764931784992432,-0.11308757507009724,-0.6162115406734225,0.7427327726331008,-1.7130173013904477,0.0
0.9400000000000001,0.17849679934379847,-0.014394127262095288,0.23194533796938405,0.3963022293650795,-0.4093420103907311,-0.18057144688506577,0.47066124156490813,0.7419295858166766,-1.6801999252292634,0.0
0.96,0.1869710903523519,-0.021057817934404283,0.22738974149281202,0.44006628664167063,-0.2756505032003939,-0.24708673596582206,-0.5444984387303746,0.7458343536270908,-1.6499095549871738,0.0
0.98,0.19533062694133344,-0.028332681960740173,0.2224792268895152,0.4035790478118348,-0.4117738209098635,-0.2267770345718937,0.45978297414395314,0.7790292669819097,-1.624240285290752,0.0
1.0,0.2038455852912835,-0.03408699849445555,0.21875366003454993,0.440191996904795,-0.2088486489970878,-0.1506530494724661,-0.5832616208135588,0.8213136994540323,-1.6058565995561935,0.0
1.02,0.21261809232021034,-0.04036801827606728,0.21629312584183977,0.43642044199045726,-0.39015451476541435,-0.10361008797990695,0.4607309389849022,0.9587531664075537,-1.5970881913107693,0.0
1.04,0.2217414413244306,-0.04632555313330656,0.2149669648915267,0.46302927791117654,-0.2359220990345894,-0.03185639014965938,-0.47980021151419977,1.009772526008624,-1.5984386927237109,0.0
1.06,0.23064539971995257,-0.05316374926730273,0.21456143502212532,0.4345642850941418,-0.40951497833317835,-0.012810929148864057,0.5190361139389803,1.1156432261215767,-1.6095515213528786,0.0
1.08,0.24020404894842057,-0.05772397023197039,0.21569577337417686,0.49585075258165723,-0.09782795281606191,0.12270077105279006,-0.505555178842518,1.1537138159752232,-1.6293311516418385,0.0
1.1,0.2490750100444808,-0.060980547336152255,0.2185214806540731,0.409628323955074,-0.2028161406899146,0.14475503942109022,0.4650269056609329,1.1325358139394262,-1.656746177807136,0.0
1.12,0.2576585135510327,-0.0625028751590537,0.22124542379516554,0.4481080314607193,-0.007969135917520274,0.12661253867840544,-0.5211589384444211,1.1031594365981898,-1.6899046932093331,0.0
1.1400000000000001,0.26650257164662666,-0.0641202385825265,0.22358144723662532,0.44070498831560506,-0.13276567036213396,0.10551799146049604,0.41064517097519165,1.0984913419411266,-1.73507452085366,0.0
1.16,0.2758096818187785,-0.06463863086743427,0.22494656532832963,0.47875556770063077,0.03405016671071087,0.05672507315116608,-0.5377150909762088,1.0640349643817089,-1.8235671129276074,0.0
1.18,0.2849778011693139,-0.06572975169316371,0.226327420523457,0.45083240988608975,-0.11314571604214951,0.07438317822566098,0.45173112956660405,1.0198290827642225,-1.903483315983226,0.0
1.2,0.2948869700488438,-0.06636850295206265,0.22705240855204867,0.5308854110528645,0.022514082001626082,0.010999876679464327,-0.5597168861766035,1.0310185221265686,-1.9696261741070187,0.0
1.22,0.30541357533560765,-0.0676572692037767,0.2271678748331659,0.5250967066802641,-0.1186270959887154,0.002714192715169148,0.4087535092813081,0.9713640269719784,-2.016519102080333,0.0
1.24,0.3170094899538743,-0.06815861211104651,0.22618493930396263,0.6174326652231983,0.029242676640657047,-0.09089803648580108,-0.6617335374372437,0.9983284542476045,-2.040681956089461,0.0
1.26,0.329091579315063,-0.06928406810842858,0.22376778508832953,0.594101559981164,-0.10501651890901226,-0.14810465600966807,0.3839786606794799,0.9597103138473528,-2.0398956076660983,0.0
1.28,0.3415862298005179,-0.0695889885732195,0.21980634115782763,0.6395011397285977,0.04558698006104037,-0.23107795205147103,-0.6775643050864999,0.9683812034849981,-2.0138914033093567,0.0
1.3,0.35316463478570836,-0.07137070351474349,0.2167746856206021,0.5169839230154689,-0.20490929395627655,-0.056008293466201675,0.33334390343812115,0.9119651898104792,-1.9644093106145144,0.0
1.32,0.36294160196078307,-0.07405554350615544,0.21572129148916622,0.46982310305408986,-0.09061752793140553,-0.04456498569486943,-0.5524034262929032,0.8239389232021158,-1.8969458122170433,0.0
1.34,0.371234172300883,-0.07844885593144908,0.21593066915672474,0.3927426104340973,-0.29542431973714267,0.03986421890474004,0.38238119055450354,0.7193969018229254,-1.8172789883296394,0.0
1.36,0.37969857923756317,-0.08319429794585974,0.21657135390747356,0.450334233911276,-0.19596956931940235,0.02544592480578381,-0.5190785116476184,0.7135071326934994,-1.7308227171429051,0.0
1.3800000000000001,0.3883223245626491,-0.0893103426059219,0.21718976809396667,0.4226820937733242,-0.3720895666582602,0.036068713989827965,0.40861018611648675,0.6759297356742212,-1.6883445918120525,0.0
1.4000000000000001,0.39709271697804094,-0.09492055858249049,0.21834924390758062,0.4464507050066822,-0.2089453951483129,0.08436520073816837,-0.4943539243654597,0.6845464052722561,-1.6579413735829671,0.0
1.42,0.40571734956152766,-0.10047747175005796,0.2200864169480505,0.43010157486488493,-0.3196669483797252,0.09222255857019125,0.3976872565720818,0.7218515311227139,-1.6323613987502026,0.0
1.44,0.4150944101070037,-0.10514098756308286,0.22151948136659033,0.5014277023215017,-0.18427424010317198,0.055530370888811034,-0.5447189490231872,0.753003312011366,-1.6136470829980971,0.0
1.46,0.4255571351423693,-0.11054983312418921,0.22225025771698012,0.5435534266750656,-0.331027884798747,0.01347525684637755,0.44770945144309854,0.8575643903654184,-1.6026197771435113,0.0
1.48,0.43735396618885103,-0.1157866622396885,0.22163516964308666,0.6175303287816812,-0.21617795605775456,-0.05157724826520569,-0.511370001938116,0.905029598496476,-1.5998854694567135,0.0
1.5,0.44974690785071725,-0.12212284307247132,0.2201817321073799,0.6192277978204768,-0.3860840224645852,-0.08980202100766588,0.4682985146719139,1.021946245450687,-1.605181353759051,0.0
1.52,0.46234963757558983,-0.1280989950521805,0.21805172153271035,0.6274825624763316,-0.23926565933357644,-0.10539070714846525,-0.47894960555854743,1.045793025076441,-1.6184738777824066,0.0
1.54,0.47416207417969314,-0.13456425389843932,0.21595751326619447,0.5591064213643144,-0.37273553546141724,-0.10180448425083029,0.4503804348671589,1.116768189717444,-1.6387946618378353,0.0
1.56,0.48519075198889705,-0.1393061954873796,0.21434366640282976,0.5461695318878332,-0.15017203017431502,-0.06434786997958505,-0.5072700505656991,1.087983659499441,-1.665040940893762,0.0
1.58,0.49534838267207604,-0.14332789805384244,0.21339689428800512,0.47335507546508926,-0.23417975995720264,-0.023283153797776093,0.4068782204581752,1.1077542888874787,-1.6954478624277733,0.0
1.6,0.5041360130830844,-0.14498624319851464,0.21412829908133416,0.4130937269936208,0.01273910414955541,0.09291027777355977,-0.5212015547738875,1.0583623045535555,-1.7528241501709825,0.0
1.62,0.5115761668732675,-0.14635990306530972,0.21693134788242624,0.35927448645189153,-0.1170626886877204,0.1551520406229478,0.42904643456601366,1.027408740928149,-1.838542212652973,0.0
1.6400000000000001,0.5191808284778143,-0.14689958006645665,0.2194799803607245,0.3998220752705398,0.029047225373899435,0.10789253900235392,-0.5625794451848661,1.0098794674135128,-1.9164063139189662,0.0
1.6600000000000001,0.527308873160244,-0.14767333223719,0.22158273875864007,0.41359609623955124,-0.08862333525699417,0.10454583530823154,0.3772757967555222,0.9574469766670863,-1.9788125445180793,0.0
1.68,0.5365400637397022,-0.1479761534518555,0.222842372156913,0.5014165341316817,0.03623570897922165,0.03816924293862636,-0.5327522544766343,0.9482077547491956,-2.021023162492629,0.0
1.7,0.5469609015655675,-0.1487832136339781,0.22305871682793652,0.5348980473803805,-0.0855600140055073,-0.005707444981448729,0.3851154458685126,0.8893215213391696,-2.0396424508225777,0.0
1.72,0.5585937244346895,-0.14854824479058926,0.2221890435234987,0.615066862650276,0.07523585757103904,-0.06961736452816296,-0.5908736186331591,0.9162563297663884,-2.033172773004171,0.0
1.74,0.5708792940654847,-0.14862784213399183,0.2203708832445567,0.6091240777140079,-0.05108270656945785,-0.10602431182250847,0.3927090083712807,0.8569852815885248,-2.0020844272779836,0.0
1.76,0.5833797578942428,-0.14760844491416125,0.217683880735913,0.6279841520587266,0.11914604874105372,-0.14766476041665408,-0.6008305032849188,0.8706670270236148,-1.9487955945597748,0.0
1.78,0.5950319008967087,-0.14743689490344197,0.2152028818704197,0.5512672298887897,-0.06360256209852537,-0.11082034324472928,0.39253097375478657,0.7912402114770413,-1.8773065291121727,0.0
1.8,0.6058417241623644,-0.14730006696107942,0.2127783835578582,0.5233876644740065,0.05531211850206344,-0.11537081360177762,-0.5585960042458744,0.7748363036894607,-1.7937430693890877,0.0
1.82,0.6145837085197514,-0.14898526585827004,0.21217402833964955,0.3776859096572173,-0.16796540316843486,0.038771550459223765,0.40929376743014123,0.7002961521851803,-1.7092070953930854,0.0
1.84,0.6218484054663712,-0.15044524701424372,0.213570650351539,0.3620381861131679,-0.020337076901511677,0.07593444300177771,-0.5745340106971153,0.6729054264648784,-1.6760942328824748,0.0
1.86,0.6285991204408974,-0.15261249823637435,0.2152703602806396,0.32768398462074944,-0.16720569005800828,0.08817086609212756,0.4259802535312749,0.6916040199027611,-1.6472891986731186,0.0
1.8800000000000001,0.6355977755187853,-0.15474197613540544,0.21716473887152551,0.3675675533936551,-0.05546575900055199,0.10372353226698618,-0.4884649130899478,0.7112351355288679,-1.6237061225361789,0.0
1.9000000000000001,0.643213557522379,-0.15706040919905936,0.21944718271259311,0.39439794601308925,-0.16251195048283368,0.11943442651951121,0.32608976031589565,0.7892589429084933,-1.607152544801298,0.0
1.92,0.6519146797492866,-0.1590264960016108,0.22144573382539776,0.4613080328390852,-0.061571390294640975,0.09558204897034003,-0.4597440056805228,0.8411923427319639,-1.5991554328651303,0.0
1.94,0.6613768776392261,-0.16255971614453796,0.22339456589692128,0.48298236282439616,-0.2556855920618304,0.09786281737872812,0.387554300691021,0.9635677140034002,-1.5999232297979173,0.0
1.96,0.6717607356955199,-0.16638309625051856,0.22449337073945067,0.541192089052901,-0.15922975652133828,0.026751442073953583,-0.5296145308066851,0.993073177970247,-1.6097063878974023,0.0
1.98,0.6824340639294102,-0.17184163836040045,0.2244389197424976,0.528692984380455,-0.33842225497288414,-0.03207794241064288,0.4956323021580185,1.0813946202730904,-1.6272400847351665,0.0
2.0,0.6931948200316993,-0.1765148522780668,0.2231356566158458,0.5407336819551585,-0.1624436095619334,-0.09230009808172511,-0.5283473897536276,1.0958667748284712,-1.6510169055189017,0.0
2.02,0.7031360274066798,-0.18142353634712505,0.2211928337384573,0.45416316542990354,-0.3008692873447223,-0.09033416268204734,0.4548224314143872,1.1267335554158193,-1.679151374511735,0.0
2.04,0.7115337092463199,-0.1841792189394897,0.22024814930463726,0.394775097387559,-0.039384967436533226,-0.014446604151349414,-0.5570560947749403,1.0932502634034138,-1.7099150503274145,0.0
2.06,0.7181922369568714,-0.1867321936579438,0.2210359134064964,0.2971919616397608,-0.18273506907096412,0.06535703842453179,0.5257466288158077,1.0654944147446102,-1.7821057132083216,0.0
2.08,0.7241560718477804,-0.1882986167961906,0.22219755403451294,0.30537493551457234,-0.015307693748193392,0.05005119706192597,-0.5643603203766978,1.0773858679906831,-1.8658942861240748,0.0
2.1,0.7301835042216888,-0.19008251423916944,0.22310863677459206,0.3081612722086348,-0.13764059900046755,0.027533700553997825,0.4130611256059177,1.0206884287609714,-1.9388131171247922,0.0
2.12,0.737140302744444,-0.19103883701229496,0.2227215245843686,0.3783604881101068,0.01498721295589767,-0.051103254773761216,-0.5791626378000234,1.0152235120549087,-1.9948954394016436,0.0
2.14,0.74497168610646,-0.19225548641815238,0.22112803585954743,0.40533935884601274,-0.1048791459480505,-0.0992176129029323,0.4198113019104533,0.9493812490574549,-2.029099344094143,0.0
2.16,0.7540423573402175,-0.1924838892594765,0.2184311364498487,0.489211356651363,0.04980847529297869,-0.1607155076506971,-0.6185375300734779,0.9532000357319595,-2.038877162832859,0.0
2.18,0.763996904179761,-0.1928723179051124,0.21503334963849988,0.49915805663894547,-0.06001846760211247,-0.17040714160594547,0.3830968793332685,0.8915290097363462,-2.0234718816454387,0.0
2.2,0.7745205861497148,-0.19199101463363966,0.21146728173224313,0.538298431768806,0.11838987031866927,-0.1732289754181326,-0.575147507797418,0.9063802042762614,-1.9842116158714436,0.0
2.22,0.7846518230003754,-0.1911756848727886,0.20910201906309667,0.4827061554828107,-0.008713397825609448,-0.07576512493034379,0.3470629434040587,0.8229084121894673,-1.9242976229647535,0.0
2.24,0.7942560878249887,-0.18995685473231247,0.20783296875990645,0.47023740993492286,0.10434274913487208,-0.044354734310126785,-0.5108596587053125,0.8100115889776811,-1.849158660578774,0.0
2.2600000000000002,0.8025435042827259,-0.19067156286477785,0.20886089657485585,0.37913329602260615,-0.130892365381257,0.11658175625214443,0.3481046029268692,0.722984634183632,-1.7642737538800113,0.0
2.2800000000000002,0.8101020259349893,-0.1918920848408067,0.21220685608984935,0.38123516351802905,-0.009841845810565256,0.21314168212145856,-0.4690121759785668,0.7044545683077812,-1.697045311477738,0.0
2.3000000000000003,0.8171280420481519,-0.19412095736949808,0.21712011408205004,0.3376622005970447,-0.17246364672142292,0.2708998447449862,0.35201976762479203,0.6899664282836884,-1.6675905385497172,0.0
2.32,0.8244105781405242,-0.1961811772725413,0.22198334182675075,0.388860249179181,-0.06553415874862972,0.2222000426861293,-0.529222311928822,0.7118179530164053,-1.6427444555422872,0.0
2.34,0.8323884777534002,-0.19922305430844503,0.2256614392497894,0.4108312719660916,-0.20703302085062122,0.1495041979428592,0.4226241184842733,0.7628135200909548,-1.6233986352768954,0.0
2.36,0.8412921994647791,-0.20210059774928288,0.22749670145155962,0.46950366767334484,-0.10323670446908349,0.058896833649738314,-0.5243177354855604,0.8054130678502215,-1.610409678305038,0.0
2.38,0.8509796627168995,-0.20599571578329354,0.22774646775799123,0.49938184139499603,-0.25011872749903785,-0.026563236608571156,0.48479392841126073,0.9051789391935355,-1.6044613280640672,0.0
2.4,0.8615706883420904,-0.20960987473017922,0.22595097439361048,0.5479991664733951,-0.1372454442885659,-0.13735079021339955,-0.5338618796362737,0.9533848266778051,-1.6063227041189505,0.0
2.42,0.8725380986810329,-0.2141886108424564,0.22253390948197121,0.5456869545781285,-0.2922018858021099,-0.19639192298306146,0.47662668311276485,1.0555361111372474,-1.615499808616737,0.0
2.44,0.8833809293574106,-0.21818631927573195,0.21829610540844674,0.5291271368278232,-0.13428769060839868,-0.20582949638930026,-0.47956043420188116,1.0658039157356405,-1.6315255535025965,0.0
2.46,0.8931742228800473,-0.22229740332341258,0.21432348701919512,0.4569125402882054,-0.24557219984310855,-0.18788689328760513,0.43191992639935317,1.1259951207403638,-1.6536159287314023,0.0
2.48,0.9019645115142878,-0.22412747958584958,0.21153754476665051,0.43435153124155323,0.00410305443919106,-0.10948664871513114,-0.523574958607303,1.083799155246474,-1.680704557353278,0.0
2.5,0.9101217106246233,-0.22530957352372127,0.210333019470571,0.3793051797593056,-0.11335859467460777,-0.0032096149041717197,0.37789417076364057,1.0902166460159541,-1.7112300358133214,0.0
2.52,0.9169797116935826,-0.22525727730340678,0.21145797160707958,0.3188029160578284,0.07472202265015405,0.11052809280009049,-0.5123756976761148,1.0519328613929264,-1.7976110349420034,0.0
2.54,0.9228788514997585,-0.22545784812065453,0.2144550503086879,0.2937979454387158,-0.05684461558502559,0.16763433349757667,0.4060145950846783,1.02733689705611,-1.8792222588732794,0.0
2.56,0.9292971163439644,-0.22495321772902754,0.21726805206019884,0.34415963773341757,0.07968945011984699,0.12154967079751627,-0.5479844348355332,1.004353995895658,-1.9495682378015677,0.0
2.58,0.9365135970140419,-0.2246547803736671,0.21979092343684983,0.3740982245457134,-0.03266605360146626,0.1296489494358279,0.36298114074358784,0.9501589862197191,-2.001843697376564,0.0
2.6,0.9449991531500499,-0.22385432817247475,0.22175673905132873,0.46371167593553,0.09127216188306925,0.08157849561537145,-0.5044169448414545,0.9470755584774612,-2.0321646589826603,0.0
2.62,0.9547503464883595,-0.22339056467180207,0.22295553851947653,0.505268712867387,-0.012780648678792281,0.04672322500074288,0.3636173062771328,0.8898845967907676,-2.0381681461668784,0.0
2.64,0.9656911693042753,-0.22157464661279355,0.2230972823408337,0.5757799933441748,0.15700698675038552,-0.020839547564383172,-0.592381381959179,0.9152362293281341,-2.019349692401697,0.0
2.66,0.9771316387386678,-0.22009503634596325,0.22218398018395571,0.5648558406160589,0.024563585586867887,-0.06527394840622597,0.38356920281370016,0.8596006093221116,-1.976979261031346,0.0
2.68,0.9885221414490393,-0.21763195230391028,0.22015227837942017,0.5641997884084056,0.18800057248896104,-0.12161646000178078,-0.6175939736048859,0.867998059769894,-1.914284879409437,0.0
2.7,0.9988661410791799,-0.21619992882694364,0.2180311550856813,0.4870101638325667,-0.00241729372111109,-0.10056021602156402,0.3946042342341201,0.7940292868601146,-1.8359216795626305,0.0
2.72,1.0082597451415787,-0.21497410930128086,0.21573415762534745,0.4499724334497077,0.10266902029023854,-0.11583357986264185,-0.5802236996469758,0.7744092105293925,-1.7485406728209318,0.0
2.74,1.0158964489955897,-0.21576241163425924,0.214416118870684,0.3380057718349452,-0.12450536767877353,-0.022288458554220222,0.419846481912736,0.7090807571147504,-1.6935845590232437,0.0
2.7600000000000002,1.0226205417720613,-0.21666217082723735,0.21437078592296654,0.34465766244931917,0.001104471233579686,-0.0013798358016090615,-0.5911074021172817,0.6884163751435745,-1.6610790030984344,0.0
2.7800000000000002,1.0293513389402038,-0.21863414553859595,0.21459726286100902,0.3366449433313718,-0.16872115728821185,0.01811490272091937,0.4203023216616885,0.7290262806210299,-1.633575204646262,0.0
2.8000000000000003,1.0368078605203956,-0.22079304188498983,0.21496842329952015,0.40215342891409095,-0.06497035641010648,0.026460517332931494,-0.5069975711101341,0.7558629531089438,-1.612358459228565,0.0
2.82,1.0452895400851274,-0.2240558641423243,0.21552593914386253,0.4422458048516975,-0.23493572293602888,0.03348618203329812,0.38942099227364846,0.849151889532418,-1.5989521239575306,0.0
2.84,1.0550145709667982,-0.22761833843513055,0.21589104541279003,0.5172416154602233,-0.15087238427404412,0.017890907105247406,-0.5268230514633017,0.8927654216065093,-1.594430226010632,0.0
2.86,1.0656986938271171,-0.23297123118935922,0.2162176797061662,0.5493960576206627,-0.34602383279450494,0.01015574418604976,0.4627005777924696,1.0049702464701216,-1.5988670396702394,0.0
2.88,1.0773479430191009,-0.2385977936236655,0.2159474863534739,0.5984283523612236,-0.24290503644562056,-0.02187609935577376,-0.5074602049844192,1.036853585110084,-1.6120709450216948,0.0
2.9,1.088964511193915,-0.2456144134343776,0.2154961832007523,0.5613217794580229,-0.42135943547359667,-0.020008101538992688,0.4635592626496298,1.1215481082812884,-1.6326123363713365,0.0
2.92,1.1001867038565396,-0.2518485714705593,0.21521161974846598,0.5595015695670438,-0.2416937924349068,-0.007028854588794036,-0.5050182005766879,1.1056779681313988,-1.6592473632860238,0.0
2.94,1.110631289636781,-0.2579375961167526,0.215122839211691,0.4889241797218209,-0.3395553932558331,0.0005273052839316144,0.4322783305303108,1.131727629385167,-1.6902040981370443,0.0
2.96,1.1200796218018982,-0.26157397741227534,0.2159058496124345,0.45930678141867926,-0.08312519947186749,0.07368391793225346,-0.5310512378605712,1.0783174645701312,-1.7382028491382933,0.0
2.98,1.1286500302440339,-0.26463753270462426,0.21797850610108965,0.41722491529262457,-0.19699263826829194,0.11007340834840326,0.43687119302417016,1.0450657359620656,-1.825010415105794,0.0
3.0,1.1373221991565199,-0.2665685550363716,0.21979785642490657,0.44990573130815315,-0.03443963375188347,0.08149313721737152,-0.5477339782591769,1.0225073075965248,-1.904474085614465,0.0
3.02,1.1465615262479556,-0.2686352067804725,0.22120124309375241,0.47884700380216044,-0.14708954158951854,0.06112870474185731,0.4017265165824006,0.9642117223755793,-1.969450583423644,0.0
3.04,1.1571559866634977,-0.26992428163949,0.2215427639237885,0.570071692306992,-0.007065048200996064,-0.014089935983875283,-0.5590731854197333,0.9509904690920947,-2.0149857006620295,0.0
3.06,1.1689556371649341,-0.27153357582521054,0.22084505267656906,0.6018141364613657,-0.1267450809992268,-0.04338187571316048,0.394736014194483,0.8907574208021963,-2.037189830505434,0.0
3.08,1.1818981772036763,-0.27205574580672837,0.21934980481459632,0.6797600684981353,0.04179585192726361,-0.09437220872598837,-0.5944802727985274,0.9149910574175775,-2.0344155442877727,0.0
3.1,1.1954568504278398,-0.2727610158743327,0.21736886551657275,0.6713224310382665,-0.08180093044315075,-0.09949449640586,0.3931804811245751,0.8531643892116066,-2.0070245006408025,0.0
3.12,1.20925777720562,-0.2723044036101326,0.21501268305179774,0.6957892610659557,0.09385715913060204,-0.12424301666220072,-0.5859110795862004,0.8672130720335969,-1.9572555342488092,0.0
3.14,1.2223651443028414,-0.2725537380982935,0.21319331572796452,0.6266999635574096,-0.08158011147041448,-0.06771610798003726,0.38893636244014523,0.7841721298830256,-1.8888563373964022,0.0
3.16,1.2347467769164515,-0.2727474514830457,0.2117621841159123,0.6039792695687528,0.04131289811214823,-0.059605241517964,-0.5364795647274992,0.7723637146778105,-1.8076079586870215,0.0
3.18,1.2451228001958603,-0.27456951448930816,0.2124065249160793,0.4574082578238057,-0.17204434911875227,0.10671659364461325,0.4002318949183081,0.6983930868422936,-1.7194513778345952,0.0
3.2,1.2538872342484,-0.2760539364058438,0.21512784747082597,0.43357071011988335,-0.020082933320269083,0.14202004718038233,-0.557077822883236,0.6711857340840269,-1.6820824334730802,0.0
3.22,1.2620397593385517,-0.27807494058018306,0.21799868466637265,0.3958846603685607,-0.15393863333484104,0.14053887504727697,0.41974757938438123,0.6807698433588134,-1.6536674937803686,0.0
3.24,1.2702092488594026,-0.2798746197346775,0.2207881644621107,0.41733859982382454,-0.03645365876813538,0.1426117282119976,-0.4836047837225855,0.696478616698139,-1.6299618647465488,0.0
3.2600000000000002,1.278696567696438,-0.2815892647655626,0.2237564765576325,0.43513161234571957,-0.12320552299155219,0.1473205004320892,0.3148323512777636,0.7678137544485621,-1.6127555843974937,0.0
3.2800000000000002,1.2880556965598204,-0.28264257330347203,0.2259412717154554,0.48711536673560824,-0.01061282615871264,0.09210049111050911,-0.4549755000491125,0.8155412429354001,-1.6037330064179227,0.0
3.3000000000000003,1.2979631727734913,-0.28511040694995804,0.22762451959480487,0.5040917740289934,-0.1992389004420557,0.07646472460352911,0.38703617336378704,0.9414376112880727,-1.6029898099609716,0.0
3.3200000000000003,1.3087145248893555,-0.2876764388420003,0.22796624664613985,0.557851228233827,-0.0926678894074742,-0.02402999288528547,-0.5521420393187344,0.9661644114714844,-1.6109407513687006,0.0
3.34,1.3197708671881159,-0.29175085427277586,0.22674724840507485,0.5498332610848817,-0.26806456324625005,-0.09789969999700424,0.4838091981307618,1.0535949139637781,-1.6264122872308504,0.0
3.36,1.330864216316428,-0.29498475452190365,0.2242042799638306,0.5505977335681986,-0.0835605662742467,-0.14311435704583275,-0.5268498823967442,1.067176326012926,-1.648074835369176,0.0
3.38,1.340743298687428,-0.2985729832909113,0.2217001157973766,0.43999351092910477,-0.24788929744969984,-0.09165223562185144,0.44064284859573527,1.0954233308602375,-1.674398583950601,0.0
3.4,1.3484675226700678,-0.3005895432068702,0.22111340933032597,0.34793420786215973,-0.012798069691287552,0.02068557279326105,-0.5893023259668495,1.0740798002004788,-1.7043201046101852,0.0
3.42,1.354022287773524,-0.3028681210584625,0.22293534229273204,0.23717413033331003,-0.17774856929902985,0.12575283537778434,0.5304940809542773,1.0545316535248355,-1.7669629159829057,0.0
3.44,1.358634305202384,-0.3044329994379965,0.22543745815848565,0.23337454249880296,-0.016869864303707134,0.116701375118403,-0.5578537223628677,1.0812378462484695,-1.852948459752038,0.0
3.46,1.3631038385923289,-0.3063776292347001,0.22748673907342726,0.22645903050837352,-0.14839712482623146,0.07516060642351569,0.45475859941330016,1.0271598268435496,-1.9294078742290113,0.0
3.48,1.3683716289183878,-0.3076906156080204,0.2279901855961329,0.2938728153631778,-0.011919698076148618,-0.013163530252412958,-0.5679258014028641,1.0221236787644479,-1.9897800790014029,0.0
3.5,1.3746133237152456,-0.30928406510241163,0.22668371676285326,0.3282412239518039,-0.12115495839246153,-0.10062178113254026,0.42088554554323326,0.9559247789356178,-2.0287302336913555,0.0
3.52,1.3820964719305695,-0.3099090276207644,0.22360520556748884,0.4081288518548125,0.02368800947425136,-0.19343102606127963,-0.6242825720576024,0.9601037279189288,-2.043119604655271,0.0
3.54,1.390503963236261,-0.3107685494960666,0.21905804022569703,0.42663250742834,-0.08089342331210687,-0.2519424722039271,0.39356640692228,0.9017265701739555,-2.0318063189866864,0.0
3.56,1.3996520590628256,-0.3102957990962537,0.21357156015246256,0.47151923517917604,0.1006355424421026,-0.2794168405631576,-0.5911919748882777,0.9181900021964386,-1.9957052336748042,0.0
3.58,1.4083485649135101,-0.3097230267535601,0.20901002517979153,0.4074313125879093,-0.01632206301668123,-0.18652869327047308,0.33941362242093304,0.8363695432435941,-1.9377052384576006,0.0
3.6,1.416442327529248,-0.30862465465240213,0.20562985353901825,0.3935808928241808,0.09945651498822485,-0.14425668665055041,-0.5080258687887902,0.8161621539782293,-1.8633691958563792,0.0
3.62,1.4230749212622127,-0.30942618550275724,0.20496866875038428,0.2919957293645229,-0.13434986569706484,0.04504159174556384,0.33556229001884846,0.7220152755010223,-1.7782705263350145,0.0
3.64,1.4288332836038196,-0.31072642090711144,0.20759889499958217,0.2916541715038757,-0.017638917014020872,0.20337865684877798,-0.45032542807389125,0.7011986402339759,-1.699945616818734,0.0
3.66,1.4340790572235513,-0.3130952923479626,0.21279696360415026,0.2476451229720456,-0.17892698043182664,0.2994230229420902,0.31586317060948094,0.6826855037032554,-1.6695658828227997,0.0
3.68,1.4394590572398074,-0.3152926624035447,0.21883246406177279,0.2875993721049048,-0.07253843307764175,0.30746760461574696,-0.48073451523621014,0.7085750228463291,-1.6441652969881082,0.0
3.7,1.44523017878289,-0.3185024090014369,0.2245164115331614,0.29645531402083736,-0.2136572304517866,0.26953533048203643,0.38218550061757167,0.7484924519109514,-1.624604382116323,0.0
3.72,1.4519880331414359,-0.3216089274783887,0.22873432219966583,0.3706971120353543,-0.12425461444781055,0.1731010798875898,-0.5318138977979524,0.7927781917559634,-1.6117841885120188,0.0
3.74,1.4597951279290329,-0.32587607103431904,0.23122126133654164,0.40803530801778054,-0.26650910085024465,0.08036545349539953,0.47029152729907037,0.8903175986003629,-1.6061320866761344,0.0
3.7600000000000002,1.4686255845793488,-0.32994388066898855,0.23135107381867795,0.46268716818424604,-0.1652503239254829,-0.04576944680201967,-0.5301088499639335,0.9445225017202515,-1.6081216379856353,0.0
3.7800000000000002,1.477945974851923,-0.334973013442525,0.22945638112951253,0.469307069528577,-0.3073599358569325,-0.1346772589486242,0.4883594101719641,1.0433239208546097,-1.6172519183404326,0.0
3.8000000000000003,1.4876489837945543,-0.33957529670726994,0.22553772767663194,0.48840858266513165,-0.1781084135004453,-0.2319110661006784,-0.49006525787254096,1.07031357139884,-1.633103515770516,0.0
3.8200000000000003,1.4967241146251045,-0.34486691487205956,0.2203908327864411,0.4197397506280313,-0.3167663023595585,-0.2664162567215901,0.4885538434965114,1.1487698041164118,-1.654357908246096,0.0
3.84,1.5047590875812908,-0.3484462271243741,0.21534502899654379,0.3936557909159757,-0.0954836574470532,-0.2480103942063033,-0.545711742866401,1.1246713942649744,-1.6797994330522878,0.0
3.86,1.5120498295719056,-0.35128442955462735,0.21065906377677496,0.3404749307635169,-0.17077480840285658,-0.2191733792184821,0.4328810495874073,1.132917937468144,-1.7082467050156633,0.0
3.88,1.518341805008285,-0.3516663229751912,0.20739074527286555,0.2915639744801473,0.08263457767017823,-0.09968540330979786,-0.5299996606846233,1.0725360176074432,-1.7822938945252231,0.0
3.9,1.5235419822250793,-0.35149425253412797,0.20690402904736532,0.25520734616982305,-0.03197743882225747,0.019864790778715315,0.4050879374173579,1.0330997941314688,-1.8620737719308436,0.0
3.92,1.5291226378316645,-0.3501789519933989,0.20770844871319588,0.3026706803927521,0.13061618956432125,0.0557345236948541,-0.5254634041012689,1.0076479724752452,-1.9323712135735251,0.0
3.94,1.53556634669012,-0.3488748706966376,0.20994513035326373,0.3391059919378647,0.011181248372944902,0.15387393509008634,0.33781272238744137,0.9527661675710326,-1.9866255604648064,0.0
3.96,1.5433758545414484,-0.3475165651087469,0.21344425426979385,0.43061998745472396,0.11189883727876335,0.19458263064084874,-0.42764570209983743,0.9445019674202267,-2.020878258815307,0.0
3.98,1.5526393762979582,-0.3465040190018256,0.21782648581664424,0.49135183427929946,0.018251854171322055,0.23592361852764226,0.3060256224511882,0.8993810683801703,-2.032528034660823,0.0
4.0,1.56342338609962,-0.34643745434686996,0.2224526993285393,0.5683980091137473,-0.018852544422497126,0.23423501857687207,-0.4988847174090131,0.9187972522264717,-2.020599273867764,150.0
4.0200000000000005,1.5749442847856499,-0.3504623073292351,0.2267596038927247,0.5808117129087274,-0.324718799331344,0.2013616949388319,0.3764974009129971,0.8570310852414106,-1.9857528472054893,150.0
4.04,1.5869665666552544,-0.35707070891005765,0.22979985028313565,0.6120895114736827,-0.36993113409523637,0.10444839210272226,-0.6487434539726171,0.8521082368422273,-1.9304655908164001,150.0
4.0600000000000005,1.5987639632474961,-0.36879163173092516,0.23097017214728408,0.5732375506694507,-0.7422663724016105,0.016473217030774194,0.41416270232029945,0.8065601162515879,-1.8584400661443559,150.0
4.08,1.6100763887918,-0.3840672358415196,0.23085654702531858,0.553900260196913,-0.7813618925476739,-0.0023113730028300116,-0.587364635922893,0.7823472947859357,-1.7748483262364665,150.0
4.1,1.6199436118644492,-0.4037446134539033,0.2307825010928449,0.4471289255368496,-1.113971241570024,0.011666828445740568,0.44754287430985845,0.7300933108678626,-1.7116452495925385,150.0
4.12,1.6279981862550654,-0.4254315178945383,0.23236812533841827,0.3641502118873802,-1.0797177189052143,0.13306823230635786,-0.6458421614916432,0.7134122264772799,-1.6796611608538106,150.0
4.14,1.634007784755321,-0.4501050775246395,0.23517393602272452,0.2543112894152993,-1.3428921726716296,0.15035634574044957,0.45635205715752575,0.7938989641655567,-1.6525715369158505,150.0
4.16,1.638249128183187,-0.4767601124739308,0.23980416046219746,0.16798111608304947,-1.3404135741975003,0.3001639522042735,-0.5351308363069605,0.8126976697464086,-1.6321784387321168,150.0
4.18,1.6406827509320725,-0.507195531519881,0.2450047388290798,0.09581626535645066,-1.663632054915577,0.22091786963632498,0.5209000400250319,0.9417612788785257,-1.6206844640626143,150.0
4.2,1.6427491101627192,-0.5385668806221161,0.24905580877020608,0.10256435930038793,-1.509212047121988,0.17957126986416255,-0.46632584408334943,1.020281416174035,-1.618240583651871,0.0
4.22,1.6447144240143716,-0.5702374887346834,0.2502756176520335,0.11959049308233703,-1.603642071725155,0.025104694232349324,0.6343967143675562,1.16782075175985,-1.6239724721879818,0.0
4.24,1.6495291218219057,-0.5970111210679767,0.2559428448975345,0.28808140430269574,-1.191241684335004,0.37779416858806286,-0.44543820678347745,1.2253266995583225,-1.6363455469494332,0.0
4.26,1.6549774318843506,-0.622552488489328,0.26111495793693607,0.2631388827906198,-1.3173821127231842,0.1604060042806154,0.5216769469009317,1.0965151776196431,-1.6603171929314793,0.0
4.28,1.6608220136640608,-0.646269133177904,0.26484742327533034,0.3069765618428467,-1.108432290483825,0.18494163297782476,-0.507898701856227,1.1069533009768904,-1.6904571821532584,0.0
4.3,1.6662310530407893,-0.67006519497377,0.2660683716800673,0.2560570140320711,-1.2300888441179176,-0.03358433976894437,0.5449173852657785,1.0912302944388723,-1.7240351521604822,0.0
4.32,1.6721917174824437,-0.6919248128608038,0.2668073963725335,0.32820658477748693,-1.0068086033521566,0.08424480686236499,-0.5417511637469014,1.0819508033889376,-1.7628963278859247,0.0
4.34,1.6781181122157771,-0.7136692190778423,0.2664148704596234,0.29128799368703856,-1.131294183481402,-0.0943679725878696,0.5687627382937188,1.012163972992108,-1.8504992232026798,0.0
4.36,1.685765244358821,-0.7343554100320766,0.26582187074165936,0.44759424761180966,-0.9795766104823711,0.015199405720802767,-0.5438171179762388,0.9830418929404605,-1.9299780873226675,0.0
4.38,1.6941352240728171,-0.7556353961302892,0.2643455593261869,0.4165652612890261,-1.1123836790321346,-0.13363954786172022,0.5468745386563061,0.9033949389353415,-1.9960179384288823,0.0
4.4,1.7047559261116398,-0.7765367378233551,0.263332416968916,0.6102646711945652,-1.0085921325153366,0.005459964814071811,-0.5331510615903492,0.8651434267880092,-2.0430211042500774,0.0
4.42,1.715589000938134,-0.7982098393175853,0.2624098327414014,0.49478329439830127,-1.1297731974001557,-0.0573479781081362,0.5283690997608814,0.7934361799561398,-2.068405435721651,0.0
4.44,1.7275080775121066,-0.8192826249627805,0.2632356618382388,0.6567455841461046,-1.005811690478101,0.11099057404836711,-0.5300386887289203,0.7578391151008018,-2.069883485559523,0.0
4.46,1.7384792254315795,-0.8407285384661785,0.2648273220114574,0.49905549911111813,-1.1035269048418312,0.042276556815487774,0.6482996831059111,0.70597620940174,-2.0486132356576165,0.0
4.48,1.7499396006449577,-0.8613578956630467,0.26643587471105534,0.5952409859087127,-0.9743999303945331,0.10901797642897458,-0.48024352369380535,0.6631439816510128,-2.0054741558928812,0.0
4.5,1.758947889852378,-0.8807615491960852,0.26775175987737315,0.35568830657053885,-0.9444111516914997,0.044827901417770405,0.599281238181911,0.6362540069783124,-1.943239980502433,0.0
4.5200000000000005,1.7656307525435662,-0.8973867505641194,0.27137126296537556,0.2963118543005841,-0.7525350815623102,0.28195244506997263,-0.39984098164233284,0.5708036712897951,-1.8664871433177397,0.0
4.54,1.7681806055821072,-0.9122451138247687,0.2772475989881971,0.02463935367559719,-0.7240368320389159,0.3033092963219344,0.5945178140597032,0.580789424282018,-1.7832015881412353,0.0
4.5600000000000005,1.7685825451220691,-0.9250424014820694,0.2857934678570678,-0.002391302514879733,-0.5849773741871754,0.5107409314272308,-0.42248757638537077,0.5417460484470024,-1.7398328815288269,0.0
4.58,1.765808678498067,-0.936638157599734,0.29516439171735676,-0.2158741767599669,-0.5681796122119652,0.43115539258899593,0.5684070438925175,0.6056224513133934,-1.715485191011075,0.0
4.6000000000000005,1.7620648554162817,-0.9465917819011761,0.30482074475582227,-0.18285785130770144,-0.454281480637349,0.5076948486890082,-0.3563835824396216,0.5990679847601089,-1.6959858606624412,0.0
4.62,1.7562651310273265,-0.9562524847866101,0.3123256156927639,-0.3392073708945482,-0.49450881099244404,0.26484749301964,0.6711900544403815,0.6847391916022627,-1.682953397061419,0.0
4.64,1.7513241796027263,-0.9651907507396245,0.31673292884360515,-0.19775372054815488,-0.42362889724501696,0.1697949695148827,-0.3024340968562548,0.7214738927592917,-1.6760146958942181,0.0
4.66,1.7455137123219215,-0.9746243480552808,0.3165931711124963,-0.3355444078934014,-0.4935401307007336,-0.1377988080105808,0.7542402374027923,0.8238916884986878,-1.6753958177704262,0.0
4.68,1.740823657552808,-0.983628234159182,0.31301307278088764,-0.18183913966693896,-0.42635313346914433,-0.2353239801207634,-0.25554632998170546,0.8878659988647621,-1.6802519222079118,0.0
4.7,1.7352553394175863,-0.9929361723623639,0.30470073058543484,-0.32597645698845507,-0.48186610151167697,-0.5467303428877927,0.7822415360246795,0.9716211642400903,-1.6910911071644688,0.0
4.72,1.7306132428660694,-1.0018188715968237,0.29323434603248005,-0.18246540237673062,-0.42376540411257,-0.623645509685588,-0.21984424383509718,1.0274359839266944,-1.7058391603762384,0.0
4.74,1.7250485424607833,-1.010926124894751,0.27706214262012685,-0.3247143951781898,-0.46954855586281424,-0.9422878380192191,0.8143582658413477,1.0715830053501911,-1.7241335848278738,0.0
4.76,1.7202878040733265,-1.019825328000331,0.2579045833248768,-0.18994301509285236,-0.4312142337662875,-1.0046986059900276,-0.19228959502102486,1.1031753242325717,-1.7426469470190682,0.0
4.78,1.7143408006634306,-1.0288960245374685,0.23482556467869983,-0.369099152013347,-0.46391279283790043,-1.2183828431240218,0.8572870054776092,1.097659297472118,-1.7804394154122938,0.0
4.8,1.7074587650608453,-1.0387774179899363,0.21483301867732932,-0.3539831572361926,-0.536468983288267,-0.8371301467706208,-0.25315047426451326,1.0464151707215026,-1.8476603086020593,0.0
4.82,1.697807707776219,-1.0502036891461894,0.19652624981795627,-0.5385460748593756,-0.5877564993314327,-0.989501505964221,0.8457914428903202,0.888008918143963,-1.9084041102041387,0.0
4.84,1.6882864684805963,-1.0604610589133427,0.18112808531654315,-0.475633662545946,-0.3145443531745171,-0.23884153106809727,-0.17429152364004113,0.7827055209951326,-1.9557224350130462,0.0
4.86,1.6777651163324203,-1.063029739664838,0.17956032133641567,-0.5246292309168373,-0.013606372446927664,-0.03855181009172536,0.7723406549776863,0.8090564471605421,-1.9858877298393518,0.0
4.88,1.6689844971052905,-1.0619001377633213,0.18200992195146895,-0.4022122470887437,0.0862142577635541,0.1810462292703463,0.07907038213922096,0.7403450918432426,-2.0044110119949483,0.0
4.9,1.6603597351167565,-1.0597642139810204,0.18223389329315018,-0.4354898040379435,0.12259012752011834,-0.10344098069310598,0.7911246468375579,0.7220440732917088,-2.0019398577943552,0.0
4.92,1.651526193109839,-1.0577949524405001,0.18073426438213325,-0.46351963498623117,0.08266543065945442,-0.0787752448208701,0.07989159474987012,0.6413806483008586,-1.9738163703629241,0.0
4.94,1.6415910420984758,-1.0557851386225632,0.17489223377369212,-0.5041771983660075,0.1105853725440513,-0.4347724079421205,1.1698760812867315,0.5857969879110658,-1.9225916090603188,0.0
4.96,1.6318019616867108,-1.0540166307561758,0.16625951712085552,-0.47891047601973075,0.07779410919893855,-0.4634799127975892,0.16648562238159278,0.5515377397655253,-1.849969668606565,0.0
4.98,1.620636915835489,-1.0518817284281106,0.15557924678971666,-0.5951222216289185,0.1264716300163355,-0.5946779088888569,1.227772397852546,0.5177579984599766,-1.7623522330622254,0.0
5.0,1.6078722061699766,-1.0493902968801052,0.1472060159550031,-0.6621633402523828,0.12755697034607602,-0.3506992407478965,0.12546200787006018,0.5623603919973255,-1.6664633974317724,0.0
5.0200000000000005,1.5968279865685473,-1.0472988528887703,0.14001635944363064,-0.355963069281763,0.019735520357371698,-0.0909079000043565,1.1775175799801234,0.6004349445948253,-1.6270105805019215,0.0
5.04,1.5922223030675473,-1.0489722452439527,0.14350005550104822,-0.1717005867051449,-0.13510937394451425,0.27333376007863797,0.08726650189954555,0.643501896388679,-1.5909921319595473,0.0
5.0600000000000005,1.5900041956328015,-1.0521382970001958,0.14670808986693526,-0.08110286105285622,-0.16530543662296224,0.06821007043988314,1.1847164866928457,0.6840232402747929,-1.5682984703178566,0.0
5.08,1.5887543804095139,-1.0561395638048465,0.14872745477795593,-0.04981320055875946,-0.21639530704336674,0.09038333830264236,0.10721223626803322,0.7375556453145944,-1.552105500995396,0.0
5.1000000000000005,1.588470065294519,-1.060375888023756,0.14738409242151904,0.0007507267178033796,-0.2024209130545958,-0.17417274947020805,1.214279723047294,0.8128575489569866,-1.5431074937349218,0.0
5.12,1.5883057459375374,-1.065188564217431,0.14422962479212273,0.006536597907464855,-0.26469026225455805,-0.14903026247356388,0.12364927117698887,0.8724530370505668,-1.5403712408400347,0.0
5.14,1.5884984106405187,-1.0697924772660754,0.1401005109937047,-0.05469777579369301,-0.16109424852322715,-0.1601048470572697,1.2149054867596256,0.9388196944803969,-1.5452642267389047,0.0
5.16,1.5851560921264929,-1.0728092656598733,0.1408520571150659,-0.217292960839526,-0.1405635893706025,0.11402724595907328,0.12301444928246019,0.9992962746812363,-1.5578923706104595,0.0
5.18,1.5810899115656976,-1.07441669553147,0.14015298262429474,-0.1666121305747822,-0.07358387598440037,-0.10122647148863657,1.1812453780350745,1.0673904208453755,-1.581730009968701,0.0
5.2,1.578083240157573,-1.0773581771104823,0.14078450953588864,-0.12628729525181734,-0.19197111046920026,0.057914112856658366,0.12858218752473133,1.1114648515362564,-1.609947439777275,0.0
5.22,1.5759463461421408,-1.0804604565751192,0.13945295528932947,-0.0985685785007415,-0.1307100773828929,-0.1540373917493557,1.226323333131121,1.1226645153991783,-1.6425842018465655,0.0
5.24,1.5730997081351776,-1.0838942920653163,0.13874219285254696,-0.1601304290103151,-0.18662056494019671,0.06173424726218074,0.16183364024994173,1.1217775346296952,-1.7095697431035564,0.0
5.26,1.5703127520831461,-1.0866530705510549,0.1373859653431461,-0.12857914024977535,-0.11549788860120515,-0.14777540101147493,1.250211118699759,1.1009279236962706,-1.7928707996103392,0.0
5.28,1.5672899303893841,-1.0904232265453668,0.13664065143359666,-0.16156699738529956,-0.22105485503017328,0.0525256266955735,0.18827732545074816,1.0738178989206668,-1.8650325698534793,0.0
5.3,1.564725079325171,-1.0939741715470046,0.1348935900646738,-0.11152876154240132,-0.153001907865325,-0.18054817847977034,1.2781973403502687,1.009729445662964,-1.9214974573075232,0.0
5.32,1.5619039553659206,-1.098670846128671,0.13349590051497348,-0.15494995119758442,-0.26646348497543637,0.009775307357985335,0.2311181083633967,0.9648397261308752,-1.9566418445373008,0.0
5.34,1.559440308669048,-1.1029585068474361,0.13125108271731556,-0.10658769767076935,-0.18193110210727362,-0.2164275246096142,1.2941921930624847,0.8778255092355087,-1.9687714545572002,0.0
5.36,1.5560622586407076,-1.107884578601173,0.12916687250349723,-0.19751435707159457,-0.2794313834541863,-0.013399615110431508,0.2741752368961522,0.8305760455981567,-1.9559229906004991,0.0
5.38,1.5525528063646308,-1.1119968757071694,0.1261955940935444,-0.16700836071507166,-0.1657533672623081,-0.2410967079274421,1.3277919025252192,0.7409344125860625,-1.9197420279847652,0.0
5.4,1.547882459737918,-1.1168189815373488,0.12387315672280208,-0.26023333702722684,-0.27660789890929893,-0.059867682782769625,0.3427316871798853,0.7052320041419212,-1.8620115491720117,0.0
5.42,1.543296064911275,-1.120967136677441,0.12004736620653689,-0.2264332831851668,-0.17101722641568418,-0.2473834424683427,1.385805801804254,0.635886579212487,-1.7881640807771135,0.0
5.44,1.538430724941583,-1.1258859253930642,0.11718046445216014,-0.25666095741053946,-0.2806826458612808,-0.10347904369740045,0.46686507774428637,0.6285400742477781,-1.7019450867298358,0.0
5.46,1.533275211578908,-1.1316779278323477,0.11435561897315084,-0.27508482304931686,-0.31056252215946195,-0.1873242867143167,1.4265498009815203,0.6142415945404626,-1.626705154898375,0.0
5.48,1.5275914016582957,-1.1383006318433302,0.10974611597846687,-0.29765259785408105,-0.344973075342097,-0.25068118390291355,0.6451426322139997,0.6252340504707017,-1.592127344397576,0.0
5.5,1.5211571203056098,-1.1456366285817623,0.10349924988441808,-0.3383071662466846,-0.3833687297227822,-0.36330379776909727,1.2008545166049394,0.6609507562082275,-1.5592626625076764,0.0
5.5200000000000005,1.5142714604392582,-1.1534613013347657,0.09492951992658544,-0.34478259033658304,-0.3937655194394922,-0.4567042112581047,0.9643264579432904,0.7073774144731095,-1.5304447880511391,0.0
5.54,1.5071916400764707,-1.1614794723485555,0.08833186072814406,-0.36175079351801387,-0.4104788809335477,-0.17885454910556994,1.1297173008798187,0.776708997591092,-1.5069343511211328,0.0
5.5600000000000005,1.5000310534893262,-1.1696120388377969,0.08568424772335702,-0.3522005092175903,-0.40003827641920675,-0.12283962338839395,1.291912081792379,0.8484688176678805,-1.4934321313201138,0.0
5.58,1.4930615852514357,-1.1775321565110277,0.08286868674184987,-0.3471294307884234,-0.39432041533969214,-0.15960400950215023,1.3607245226050724,0.9254194266272431,-1.4921450848737414,0.0
5.6000000000000005,1.486022515540891,-1.18553103733474,0.07911129943726349,-0.3559501508210394,-0.4041369296250061,-0.21107075966981814,1.4245871824268548,0.9991282489681889,-1.4997157030975585,0.0
5.62,1.4787299197856953,-1.1936827583787826,0.07449164721273416,-0.37008191415768665,-0.41128495686797045,-0.2507990567398393,1.5086335333512189,1.063757559609607,-1.5147788738614794,0.0
5.64,1.4713894297577683,-1.202026839398784,0.06873198114966823,-0.36771360734539305,-0.42088670533036626,-0.3127888852078564,1.6060714090129684,1.1114315611213692,-1.5360259961620761,0.0
5.66,1.4661533092429615,-1.208480660213228,0.06871750591276521,-0.18139345735267537,-0.22122576313679385,0.2975089815384393,1.7103372077124617,1.1495089042176327,-1.5613405951304913,0.0
5.68,1.4631730954498376,-1.2120216061080205,0.07622233055175984,-0.1347941338579463,-0.1570615828863311,0.38247705416689354,1.520598162772919,1.14831965446234,-1.5939583932770123,0.0
5.7,1.4606159645139487,-1.2149580307899572,0.08300228825337069,-0.12085740565895864,-0.1398713947010393,0.2960615764005508,1.4886346872808307,1.1303569654350045,-1.6825586283341665,0.0
5.72,1.4583856753943756,-1.2175810368672897,0.08798307709542205,-0.10119156759052345,-0.12284057159032165,0.2115032056670991,1.4851378048364816,1.1004895664725063,-1.7695612551261437,0.0
5.74,1.4589891896143752,-1.2172163882931357,0.09612618892218679,0.10161513253290366,0.09720305561592243,0.501048310856519,-1.3573943992281892,1.0546696303675973,-1.8428853496404702,0.0
5.76,1.4610034703176584,-1.2146225950446867,0.10547131818481989,0.11039213391909386,0.13509603872351283,0.44828963693910145,-0.7046968251700592,0.9833123925200281,-1.9012341435969358,0.0
5.78,1.4634272048025994,-1.2122858407038075,0.11274117787212135,0.11459990290256616,0.11013212941752906,0.2818368790461506,-0.37122564336026836,0.9167193659619965,-1.9391028540896793,0.0
5.8,1.4667715333031486,-1.2088219549812205,0.11756356396270286,0.2049062519334333,0.21745495763918676,0.1895816369759291,-0.16034569500818746,0.8631140319419359,-1.9515614953947438,0.0
5.82,1.469614302577947,-1.2055959316609959,0.11868186479362118,0.08876426495879651,0.12043274276221934,0.001329789470305947,-1.1305042742309077,0.8132741235516924,-1.9378078226558775,0.0
5.84,1.4719181390613383,-1.2023697498608585,0.11832815577625606,0.12783568636469458,0.18078061297329837,-0.04964117508258485,-0.350244110420373,0.7360129996580898,-1.898174052064394,0.0
5.86,1.4734523730464768,-1.199585970248812,0.11636071850212658,0.08110508093426408,0.11509475304287538,-0.030248188482105656,-1.4046045728042778,0.688539423889979,-1.837523760234024,0.0
5.88,1.4760661150311314,-1.1965486279855675,0.11490336060928436,0.1527399288147297,0.16731575644996877,-0.11135991865100142,-0.4914939292806141,0.6623651583299325,-1.760328148189605,0.0
5.9,1.4786974782166689,-1.1937040390625884,0.11370597077693709,0.13427100458496502,0.14633571005498444,-0.0643232117324759,-1.4200516021258545,0.6485344426852542,-1.6740293232280001,0.0
5.92,1.4826195284119945,-1.1893962051951532,0.11105643427542208,0.2256366609393824,0.24943184102519836,-0.1838187308077159,-0.5684863361117338,0.6565097769763685,-1.6149377059270573,0.0
5.94,1.4866291407424388,-1.1848159935942888,0.10760678696947826,0.20759991415742388,0.23016839002231834,-0.18327225005351913,-1.5353696954446412,0.6696165169956739,-1.5811200777011425,0.0
5.96,1.4913328452144885,-1.1797764794502148,0.10328400860334615,0.24706001021017687,0.26510925248981343,-0.2288510661954835,-0.709710538664535,0.7179435873921051,-1.5504387141872489,0.0
5.98,1.4961985686541266,-1.1744092816658935,0.09765700140576537,0.2450324486800231,0.2775760374204855,-0.3325340285102443,-1.4148503105388772,0.7618331881169477,-1.5249556989791782,0.0
6.0,1.5015603663138155,-1.168576638742759,0.09034618064453721,0.2827466499878043,0.30690310957076683,-0.2910803426681425,-0.9958039342389429,0.8241041734266169,-1.5059988191691933,0.0
6.0200000000000005,1.5076325429446888,-1.1618887383072922,0.08735573475539074,0.3151056887261004,0.34899301318620407,-0.09646719423132284,-1.214271628937001,0.8757954731102262,-1.494362207798759,0.0
6.04,1.5138511856854826,-1.1550045921478989,0.08547509533383373,0.30388344461545674,0.3362358743393769,-0.10126860216856517,-1.387683175107795,0.9267365842712126,-1.495288779854552,0.0
6.0600000000000005,1.519798397510364,-1.1484404670450543,0.08310361536873298,0.29464917093115583,0.325006849635907,-0.13481181770018474,-1.4453422649191594,0.9791155366434248,-1.505958025706725,0.0
6.08,1.5257726678977548,-1.1418665915872221,0.07997105056865038,0.30314249941368593,0.33351630712189356,-0.17494439457739197,-1.4924571206215387,1.0249229492401415,-1.5241648959191259,0.0
6.1000000000000005,1.531949334492408,-1.1350169600646995,0.07612361664714515,0.312067012260757,0.35062333031665804,-0.20523007649322697,-1.5604080696435736,1.0581148047172106,-1.548166399562716,0.0
6.12,1.538314869021398,-1.1279568639586617,0.07156724609905225,0.32288670747640275,0.35453439346420307,-0.2475775706579378,-1.6426520893366328,1.0744752979003234,-1.5759864020037917,0.0
6.140000000000001,1.5446261816500602,-1.1210600196079195,0.06678716165863752,0.25393427628716814,0.29316903254113835,-0.08288500051731582,-1.7291639514000041,1.0815969723953656,-1.615331978696775,0.0
6.16,1.5478496461326186,-1.1172317977836177,0.07085867155281195,0.1226247380507748,0.1458084160652511,0.31987279273611513,-1.7010710790861956,1.0822339604802944,-1.6981316844652228,0.0
6.18,1.5500097482528894,-1.1147315670541218,0.07722193084456357,0.09994617123146736,0.11144266931699576,0.2936164955398377,-1.5845125717313024,1.0606530174447302,-1.7802130009628119,0.0
6.2,1.5517675577832413,-1.1127061929246276,0.08226872225719077,0.07905697632679543,0.09099510206651305,0.21252241863897353,-1.56919930431722,1.0211485643748817,-1.850341782363906,0.0
6.22,1.553134031634254,-1.1111768586433173,0.0856123372475514,0.06379952430631755,0.06407565129575328,0.10766924262938127,-1.5464304958423027,0.9711721466446563,-1.9006921530444476,0.0
6.24,1.5542896048700443,-1.1100571898477913,0.08644388491765982,0.04186135393486244,0.03507603917584524,0.040445784544971296,-1.5304569513598636,0.9133346481730542,-1.9274375260209704,0.0
6.26,1.5548394165578636,-1.1097770269809661,0.08672576598988153,0.019986003783064286,0.0034298717436399492,-0.03640229461370298,-1.502364713479691,0.8569776809077102,-1.928102764157056,0.0
6.28,1.55480875185093,-1.1102062350030937,0.08584165821789132,-0.015724688861492194,-0.03619254268617274,-0.07369840807804835,-1.472158327134314,0.7912036865199897,-1.904257788030597,0.0
6.3,1.5540918897191216,-1.1113524934491028,0.08384085532417894,-0.05831586495271813,-0.07283867992322403,-0.11167838677030027,-1.4287221682623787,0.7324424090352238,-1.8572375642625631,0.0
6.32,1.552320660858402,-1.1128518408754406,0.08093320602271745,-0.10991565097777474,-0.08710262226742985,-0.16470256027863814,-1.38009699580264,0.6826031836794677,-1.790598747979903,0.0
6.34,1.5497053561576677,-1.1148588457227997,0.07694433453941223,-0.14721451315081846,-0.11292665633572765,-0.22852974433434434,-1.3265629715115963,0.6369910909308056,-1.7094485199564793,0.0
6.36,1.5464032445068905,-1.1174980008396624,0.07162195805162518,-0.17389465452293484,-0.15055285474863003,-0.29449305163693273,-1.268713895048,0.6169350361212873,-1.6196336494490506,0.0
6.38,1.542960524551308,-1.1203416408363434,0.06655626681949309,-0.13485559952620174,-0.10591376834159916,-0.08126865131301986,-1.2053240237742042,0.6234283209466496,-1.5723850751273727,0.0
6.4,1.54111707758245,-1.121971483210554,0.06749988684920752,-0.07241565450021138,-0.06968965890745157,0.09632378747478476,-1.2259977555350403,0.6429505874679516,-1.5374345725633873,0.0
6.42,1.5398919145095775,-1.1232101415951847,0.06942593932813333,-0.05369805584010217,-0.05544069996191599,0.08775143664350764,-1.2672921771002987,0.7006700536363215,-1.5116819131035033,0.0
6.44,1.5390228790040947,-1.1241171334987652,0.07080498587162284,-0.03395637906963567,-0.03544352002133609,0.05314184646568708,-1.2772126198554288,0.7586074629511274,-1.4931187009021625,0.0
6.46,1.5386145921094088,-1.12454253311939,0.07148813404313724,-0.009383126840613057,-0.009550733462360681,0.019847159114259882,-1.2938303836586997,0.8226779093158924,-1.482048180747537,0.0
6.48,1.5386904901556457,-1.1244562360813861,0.07158913101684275,0.014114118655067046,0.015316082501216601,-0.005886582080581952,-1.3204513899771535,0.8895425275109284,-1.4792757705176391,0.0
6.5,1.5392307827373033,-1.1238818136435769,0.07123347762547563,0.03734992286058157,0.03973567580788519,-0.027331592687277338,-1.3501810755865813,0.9541027012648127,-1.4851445228580562,0.0
6.5200000000000005,1.5402361795995552,-1.1228216164497364,0.07046935540022818,0.060359920646218285,0.06381519642249338,-0.047371350011077014,-1.3837758303716852,1.0117049503846762,-1.4993152741968845,0.0
6.54,1.5417017630324972,-1.12128503032907,0.06929992781842612,0.0831103313781409,0.08731397701865244,-0.0679858054665487,-1.42186191963333,1.0581898654655781,-1.520728768931851,0.0
6.5600000000000005,1.5436212848332223,-1.119285423574411,0.06770509257353173,0.10562984786071607,0.11010447017520021,-0.09004630158363248,-1.4649314751600986,1.0903704784849113,-1.5477148725355485,0.0
6.58,1.5447491992169444,-1.1179464617309145,0.06745592745839446,0.020912198941670672,0.028522960668303017,0.03699302682649166,-1.5135241951615361,1.1062353273499705,-1.578137003364336,0.0
6.6000000000000005,1.544798474658688,-1.1177835930620927,0.06820724178822757,-0.0103761113825583,-0.0076402991586859755,0.019879351517749493,-1.4195913100679962,1.1136395617035542,-1.6360713767073005,0.0
6.62,1.544321081709252,-1.1182642520429296,0.06793603137395086,-0.035127041689967504,-0.03777783371013498,-0.04332957041483469,-1.3794714579816252,1.1018408417572318,-1.7218053668184887,0.0
6.640000000000001,1.5437487004061283,-1.1191813272283873,0.06723985281257491,-0.01834166416356424,-0.03798091380776575,-0.010182210378004724,-1.3416527144530368,1.072105972745677,-1.7972100607121895,0.0
6.66,1.5434701888923312,-1.1195954555112786,0.06744277396974822,-0.0073998932205214685,-0.00830412712689454,0.013726501887586355,-1.3531477293843843,1.0268277586948094,-1.8570204424795613,0.0
6.68,1.5435515432840923,-1.119493115950711,0.06752446273676646,0.014901566478531652,0.01694324704699813,-0.006183009266163454,-1.3686515051054582,0.9604747643142799,-1.8977111906615163,0.0
6.7,1.5440422143354358,-1.1189650336459833,0.06722354928949004,0.017754222463556846,0.018706132707613246,-0.007411640203097508,-1.398584357193437,0.8946363944630052,-1.9153881232864602,0.0
6.72,1.5440443029751658,-1.118981530097807,0.0673220570398271,-0.006023196533774749,-0.008416782882489413,0.005344685389779694,-1.4106520204364064,0.8277003084503516,-1.9085046389734135,0.0
6.74,1.54391887010305,-1.1190316431141956,0.06741247612912014,-0.01154038210379221,-0.0004096280043614283,-0.005729064809808727,-1.375334461267355,0.7703453773255904,-1.878190838091044,0.0
6.76,1.5436177980631147,-1.1190226733675404,0.06746203254796242,-0.01510384016434049,0.0007923396027670637,-0.005615981836636202,-1.381351429978862,0.7111894411998562,-1.826428868867423,0.0
6.78,1.5433490878962546,-1.119020849634403,0.06745621621781858,-0.01780617030897666,-0.0009165279390263725,-0.011110564603864573,-1.3819955018756944,0.669487569657037,-1.7571290505618102,0.0
6.8,1.5430754232726467,-1.1191104489283887,0.0675181376569075,-0.009197503153250906,-0.00595635390151692,0.004454913809442803,-1.3779111516518128,0.643351289160815,-1.6755457368670057,0.0
6.82,1.5429850487866754,-1.119184970162462,0.06756783144180625,-0.0011019561562824205,-0.0006145951098701043,-0.0004872846497297632,-1.3735941484714647,0.6390883527972804,-1.592998898672323,0.0
6.84,1.5429928754115638,-1.1191802364225372,0.0675338479051002,0.0013134990341809815,0.001357902525884369,-0.0018930838532392933,-1.3801462050283415,0.6510539033972332,-1.560409275364199,0.0
6.86,1.5429804357499164,-1.1192041626822795,0.06754909028800507,-0.002873320135959787,-0.003247710428664475,0.003696506600276332,-1.3833625254591848,0.6795121661043443,-1.5304597567159666,0.0
6.88,1.5430031697796942,-1.119214955819725,0.06758620958520963,0.0073643643217208695,0.002495339034903045,0.00186635263398429,-1.3770415772174802,0.7226045488310902,-1.5055291065420706,0.0
6.9,1.5431395165957695,-1.119253007194502,0.06761845811876434,0.006333214935796871,0.003051066657408045,-0.008902589414869615,-1.3847319958643973,0.7783737140889911,-1.4874897213722442,0.0
6.92,1.5433718982870488,-1.1191989721433044,0.06750304711362086,0.01908751983818742,0.016333731287585463,-0.016871193296985575,-1.3848434375398713,0.8395076866447729,-1.477692453190067,0.0
6.94,1.54377912874271,-1.1190282400480307,0.06741904312693685,0.016691877085569167,0.005513541230695135,-0.0010307912342167945,-1.4033711280343504,0.907492490637856,-1.4767690804284959,0.0
6.96,1.5437460505794969,-1.1190330753283613,0.06737994295448793,-0.010604336220493527,-0.00159528031024465,0.003304217425808437,-1.3980014458985406,0.9713681997378546,-1.484925969681415,0.0
6.98,1.5436560681327387,-1.1190720747102008,0.06739147586181671,-0.003995801616649431,0.00037834728778589496,0.004766977634145625,-1.3690426264000721,1.0264462780756998,-1.501549342507198,0.0
7.0,1.543640075395095,-1.1189804951711229,0.06748888571486135,-0.00024548617468205425,0.0042173807509698555,0.003101918087612172,-1.3753159823309986,1.0745033608876517,-1.5253789504143571,0.0
7.0200000000000005,1.5436079841293702,-1.1189281153876902,0.06759246654884296,-0.0023468615786802613,0.0010704935314706033,0.004059353018905205,-1.3760195574092435,1.1070418072420605,-1.554633957790949,0.0
7.04,1.543583090157524,-1.118880543223257,0.06767881920456474,-0.0010329705468451668,0.0022212024390956117,0.0026102886744586934,-1.3684915857649809,1.122712931892073,-1.5870347565757241,0.0
7.0600000000000005,1.54357929853812,-1.118855869616034,0.06769146215767807,0.0008325826367541456,0.00116004208774077,-0.001492712401629308,-1.375111312073067,1.1164190904140363,-1.6600502491282658,0.0
7.08,1.5436233430111042,-1.1188206730717463,0.06763517099653225,0.0028719934913178516,-0.001066811258112629,-0.006077360534280107,-1.3791523055107542,1.0941836285081876,-1.7432187251250213,0.0
7.1000000000000005,1.543646345659709,-1.119019603131947,0.0674322503897925,0.00020954095543946984,-0.015632159749199355,-0.013177110102813663,-1.3905579513088095,1.0540824814445502,-1.8151632106944111,0.0
7.12,1.543635942119386,-1.1192209362703236,0.06733089514123622,-0.002165928294588968,-0.0062685132199315,0.002649762093478972,-1.3981309407003453,1.0026491536154147,-1.8703543302938055,0.0
7.140000000000001,1.5436076740986022,-1.119332207143016,0.06738131483819557,-0.0033217424866420825,-0.006903819496624246,0.0036505288047406666,-1.3847884754402977,0.9421948618820198,-1.904786840539638,0.0
7.16,1.5436140950983728,-1.1193604185717345,0.06738221330542965,0.0023097741463479968,0.001276646271598395,-0.0014917749834935214,-1.3802072506679333,0.8767884803716799,-1.9158797860157777,0.0
7.18,1.5436316129216356,-1.1193415908925683,0.06737617578099865,-0.003428680193635192,0.00010735199374477147,0.004127569001729648,-1.3855939437138243,0.8124282319646082,-1.902632743129903,0.0
7.2,1.5433776020127206,-1.1193547479495543,0.06744804233779994,-0.010027068859216308,-0.0013338442255523143,-0.004584402549276321,-1.3830148102309967,0.7520650080628694,-1.8660858767854402,0.0
7.22,1.5431727099943897,-1.1193471552109389,0.06744547652796046,-0.011373503857242331,-0.00038586260732377054,0.004456205119394546,-1.3803774133436175,0.703193531161529,-1.8090822314491999,0.0
7.24,1.5429189445190863,-1.1193731356375087,0.0675236715215753,-0.01002939484841093,-0.002547130836866335,0.003846912834746006,-1.3809987701913948,0.6634230376267978,-1.7358334265506628,0.0
7.26,1.5427615445630811,-1.1194379533690308,0.06760948023969926,-0.006675258686121204,-0.00468682305530447,0.002607924330320395,-1.3776154102072726,0.6425696609064141,-1.6520263160893451,0.0
7.28,1.5426985941424614,-1.1194903125573223,0.06760354586486494,-0.0009666868084270838,-0.00047374527598901216,-0.0023243605127957626,-1.375460137149547,0.6407469399519693,-1.584044178409611,0.0
7.3,1.5427077164635046,-1.1194845786199237,0.06753929892533657,0.0009746686270965223,0.0011812217989211323,-0.0026127139482227386,-1.3806606567452944,0.6569878596482839,-1.55190789036973,0.0
7.32,1.5426750827844418,-1.119532298139627,0.06756920599266976,-0.003905324703550754,-0.004645766453044803,0.004727876708472522,-1.3833222213666907,0.6897729272525702,-1.523079803416915,0.0
7.34,1.5427406016211356,-1.1195423340585664,0.06762608281050961,0.007504789058408195,0.004340159809556017,-0.0015751099014254242,-1.375249986254495,0.7365452959213208,-1.4998673266096296,0.0
7.36,1.542851173654672,-1.1195843912076977,0.06761769847308251,0.001960187720191709,-0.006040801643525732,0.0035881409204247053,-1.386483802066477,0.7947889422111788,-1.4839813931536132,0.0
7.38,1.5430681098233208,-1.1194871474966257,0.06750938642614031,0.015582420736307017,0.002947435604440004,-0.008367413789845228,-1.375867524220873,0.8583028788840238,-1.4765581256812852,0.0
7.4,1.5433615373295757,-1.1193371344230865,0.06735318482286265,0.006818474681735378,0.0040711167246353375,-0.003902560075904339,-1.3933714224468485,0.9270978244275134,-1.47813303905347,0.0
7.42,1.5433242086388914,-1.1192674279114112,0.06746908240711297,-0.001011129830768362,0.001291457862858506,-0.0013392412221949913,-1.3912383440217502,0.9879472274138823,-1.4886215769601392,0.0
7.44,1.5432610060827328,-1.1192414150833156,0.06752441821661673,-0.002991999490335213,0.0004206110707209345,0.0010627907672399114,-1.3775536169491558,1.0436332373684896,-1.5074736918427105,0.0
7.46,1.5432062783364595,-1.119210422391523,0.06759022010816415,-0.0005826807870335984,0.002557563696005925,-6.167619314593684e-05,-1.3712868041462296,1.0867600008397509,-1.532998578977939,0.0
7.48,1.543186334111621,-1.1191559545153538,0.06764041446734974,-8.126064365537161e-06,0.0046145130787832766,0.0017837983836140135,-1.3757438838021119,1.1124647815000328,-1.5633179438244547,0.0
7.5,1.5431658841405633,-1.1191219669678674,0.06768763472824349,-0.0009798069632230792,-0.0004820687000250942,-0.00048542579846330616,-1.3789769821871551,1.1200492779757523,-1.5961123315738854,0.0
7.5200000000000005,1.5431698468468824,-1.119098659274874,0.067671470858228,0.0013759198864089562,0.0023036752438139463,-0.0017672318415296565,-1.3745050085128594,1.113070190308023,-1.6834947271481435,0.0
7.54,1.5432213326097783,-1.1191037974082032,0.06756833002718857,0.002955543436959236,-0.006231641238955396,-0.010426636503961818,-1.3817099927968515,1.0845289661171664,-1.7641930582742003,0.0
7.5600000000000005,1.5432223393336666,-1.1193394614479895,0.06737668755897942,-1.7586148231100995e-06,-0.017715210580320415,-0.014092468202535515,-1.3937346878922572,1.0416671270524103,-1.8320588615763713,0.0
7.58,1.5431985016591994,-1.1195117329152837,0.0673578861333588,-0.003857473036836123,-0.006099441237059504,0.005570882068829929,-1.3926320009573407,0.9895406186765415,-1.881930605775591,0.0
7.6000000000000005,1.5431770542136192,-1.119577592570051,0.06739689407704813,-6.723805706451095e-05,-0.004264778422183535,-0.0016484582556131827,-1.3817916576264346,0.9239570928007934,-1.9102182291398684,0.0
7.62,1.543192121284383,-1.1196098253981404,0.06739430165884999,0.002522538376915617,0.0013745381454389283,-0.001781876050703625,-1.3824726510810852,0.8600222409538867,-1.9146802701874532,0.0
7.640000000000001,1.5431987877378226,-1.11957284918839,0.06741492832716525,-0.006041997449335294,0.000973825076160224,0.007744300974123004,-1.3857522286883304,0.7952780699144945,-1.8949007029131928,0.0
7.66,1.5427561545909223,-1.1195687924682343,0.06736603880002796,-0.028936986911977908,-0.0018310049772941345,-0.012081664937171253,-1.3845333685787178,0.7375883295551603,-1.8524333778204085,0.0
7.68,1.5424450760848172,-1.1195733045341603,0.06739467375449194,-0.008655820007570031,0.0006772942836937677,0.0036472100602081216,-1.3796741331158746,0.6866584981219763,-1.7904305263022948,0.0
7.7,1.5422122960038196,-1.119587505945001,0.0675133439148262,-0.01108921145483178,-0.003769596314859119,0.0017247688500130853,-1.3825749517603112,0.6562354107938163,-1.7137155958626855,0.0
7.72,1.5420505631906376,-1.1196934769716262,0.06758226690087651,-0.005073655850215923,-0.004198380664783211,0.0013907349454248276,-1.3751289454472728,0.6394537414773681,-1.6281264238842457,0.0
7.74,1.5419989616237837,-1.119747549136658,0.06757978531286916,0.0001879012744535845,0.0003250998305272646,-0.0022852497761580294,-1.3760600225066457,0.6434772573077603,-1.5750630464436668,0.0
7.76,1.542020416826253,-1.119734068715571,0.06753177964091149,0.000527633763673462,0.0004081558034009469,-0.0007336038081991382,-1.381722787582086,0.6645509572830703,-1.5436099362521825,0.0
7.78,1.5420190029729135,-1.1197629515149732,0.0675681320640235,0.003599966302818949,0.0015290183547034444,0.0006976865227830116,-1.382163450803197,0.701430493801734,-1.5161039996206174,0.0
7.8,1.5421561229116816,-1.1197695157606629,0.06765961272701235,0.010365831883302916,0.0006611073060843312,0.0024482942474095457,-1.3829569660911931,0.7518535306425246,-1.494735154590976,0.0
7.82,1.5423339359063055,-1.1198912278221385,0.06759464345048866,0.008213996750030024,-0.0004420357683757384,-0.007324586014937797,-1.3840952462630645,0.8115463214085192,-1.4811050754995243,0.0
7.84,1.5426211325175891,-1.11977069810604,0.06747363888963766,0.01881239308122075,0.013676317059004487,-0.011369108951512538,-1.382923687214191,0.8764564806962695,-1.476085189455933,0.0
7.86,1.5428792134824234,-1.119617305266712,0.06736279515779175,0.005158143079022272,0.0023714588084845934,-0.00210905129942333,-1.4016047589973317,0.9426776822591691,-1.4801331144517178,0.0
7.88,1.5428262993417874,-1.1195565726677421,0.06749787320024248,0.0015178338616873683,4.3304005306916884e-05,-0.006896962271292887,-1.3894823332056403,1.0041031403904557,-1.492987037382996,0.0
7.9,1.5427531498653955,-1.1195313917862626,0.06757289801888301,-0.00543378312082532,0.0005166769170098999,0.005615740411326358,-1.3787914824319012,1.0582053044847677,-1.5138526458487527,0.0
7.92,1.5427038463907996,-1.119530298848592,0.06760605997177696,0.0008596819036751548,0.0036315653135684,-0.001491992516172068,-1.3685352072872217,1.0950637542002255,-1.5409087351405293,0.0
7.94,1.5427076568915161,-1.1194768915392195,0.06761615763492104,0.000318061655652337,0.0023758697997788548,-0.0005984452298563791,-1.3789198116210262,1.1160586409747688,-1.5721196503156953,0.0
7.96,1.5427003101116883,-1.1194331129099653,0.0676463907008075,0.00033261512886536816,0.0020839582585994863,-0.0004117183097493331,-1.3785217363649398,1.1201894429777035,-1.6201975038768817,0.0
7.98,1.5427230254346045,-1.1194099910918465,0.06760065647869644,0.001740721181135106,0.0011509084267055263,-0.0031279621449929983,-1.3805433356062826,1.1055555978806992,-1.7064028479764966,0.0
8.0,1.5427575394760205,-1.1194963420380697,0.06746185403309304,0.0012194465834968308,-0.00584949896956591,-0.0068532979216387,-1.3858501093605353,1.0738827918884684,-1.7841718059165521,0.0
8.02,1.5427108711781599,-1.1197560272660034,0.06734234858206771,-0.0003846784834112371,-0.008641432148870825,-0.004949782611124381,-1.3945459885985092,1.0267774172258972,-1.8475817815101945,0.0
8.040000000000001,1.5426771616414263,-1.1198766793127928,0.0674005675590299,-0.0006160672485472608,-0.0021415669382619336,0.002272389254685556,-1.3860220118408706,0.9727306902501958,-1.8918985850526835,0.0
8.06,1.54268931086158,-1.1199813718799996,0.06739306501899239,0.0005033132144492389,-0.0025677018484369487,-0.00041182272277671993,-1.3834316999324532,0.9068874030873679,-1.9138760734136273,0.0
8.08,1.542736519978178,-1.1199607003588725,0.06736423551580766,0.0026785082284282035,0.0021790404774183958,-0.0017802139223319084,-1.3852960252479756,0.8404757898577776,-1.9116539541617108,0.0
8.1,1.5426329360025275,-1.119915449508511,0.0674682910501452,-0.01699047278634709,0.00018899978144775158,0.00447645085922432,-1.3867151673945706,0.7783507726792055,-1.8854360452017707,0.0
8.120000000000001,1.5421075410215441,-1.1199561125485613,0.06733381882517128,-0.02047902218888993,-0.004138427185971056,0.001643671029567432,-1.3873028736073287,0.7219688525308411,-1.837335074675664,0.0
8.14,1.5418547044592976,-1.1199935609630298,0.06745621086038368,-0.010492864579918606,-0.0023757450649846785,0.007554174007731721,-1.3780058131277753,0.6772232609867325,-1.7707132460150974,0.0
8.16,1.5416874540706427,-1.1200402513341152,0.06749602452094255,-0.008839446301509058,-0.002807715485852599,-0.00102487108140036,-1.3777503063144503,0.6503117098351292,-1.6910182747929523,0.0
8.18,1.5415586340137235,-1.1201169220064748,0.06753985070028876,-0.00405085333704045,-0.0024428320350266142,0.0010192957073939,-1.3772453317333821,0.6389906907724979,-1.604038450158617,0.0
8.2,1.541519171736,-1.1201404972889117,0.06753040905265838,0.00017838206537077367,0.0010207489006630235,-0.0018023140510870477,-1.3777911900008035,0.646841732841087,-1.5661890941004486,0.0
8.22,1.5415190119365063,-1.1201385131349404,0.06751633343305918,-0.0013559997587734621,-0.0011778306349350027,0.0016723424925977678,-1.3825806964103027,0.6725977966109006,-1.5355895430458328,0.0
8.24,1.541524547247234,-1.1201742712891845,0.067586313568474,0.0036466004555348553,-0.001331634062495745,0.005737187467105989,-1.3798554448796247,0.7135721543839245,-1.5095759837598968,0.0
8.26,1.5416782491687075,-1.1201879105286718,0.06767468997335249,0.010744024126310042,-0.0052307277778528595,0.006261579152091407,-1.3797462564606602,0.7674417848233569,-1.4901941036825839,0.0
8.28,1.5418877372464015,-1.1202353391627529,0.06759417725688142,0.013337143568872119,0.00564427682083086,-0.007908726614925084,-1.379374138187688,0.8280187957868294,-1.4788675771504987,0.0
8.3,1.5422543321808904,-1.1200631130258725,0.06742770535797933,0.021290255581873595,0.010288007367214871,-0.019790298048471107,-1.3916544238930229,0.8952074268911422,-1.4763121343941128,0.0
8.32,1.5423545381145694,-1.1200208130846383,0.06736211174156767,-0.005871837214944324,0.0016888206034826746,0.0068001266663271194,-1.4027818406849386,0.9623966446508954,-1.4827832999792405,0.0
8.34,1.5422733779323294,-1.1200142842577072,0.06743094643249577,-0.005758931573474027,0.0007290245696745789,0.006843313503487459,-1.3757286321648843,1.0164922311992877,-1.4979289793071926,0.0
8.36,1.5422227737931224,-1.1199906278626162,0.06748906517373131,-0.0021496681359587776,0.002330915462343302,0.0030202920860982452,-1.3728626683342453,1.0668337319652976,-1.5206217937911128,0.0
8.38,1.5421776628978674,-1.1199476945060367,0.06757913972840074,-0.004051368243405332,0.002560872762486311,0.007402673674016079,-1.3758884304703558,1.1016893077349652,-1.5490264121185238,0.0
8.4,1.5421667863250512,-1.1199186844037927,0.06760857534558776,-0.000901924952881149,0.0017768956074835289,0.001535985083588384,-1.3739183486117377,1.1181707828773106,-1.581023323755007,0.0
8.42,1.5421602187585477,-1.1198803336139531,0.06763350501841459,0.00033965643718757794,0.0004060815286459961,-0.0016357253495112342,-1.377897423371936,1.1179043999110359,-1.644159048795115,0.0
8.44,1.5421939665153725,-1.1198442455476794,0.067587507408816,0.002400525790265855,0.0021482284506973864,-0.002947263265304303,-1.3790493893342228,1.0997377331663112,-1.7287069899325842,0.0
8.46,1.542217042648685,-1.119973464388548,0.06743859558884309,0.00024978563539561496,-0.012379651055180102,-0.010586833507081011,-1.3876082838477648,1.0622529158090843,-1.8031279136292824,0.0
8.48,1.542181786726749,-1.1201861183195165,0.06735419500660422,-0.001891282072040838,-0.005320171487779716,0.0017321897771667384,-1.395341367265398,1.0129934706374908,-1.8617415642137394,0.0
8.5,1.5421605891828143,-1.1203091347534626,0.0674047816469674,-0.0003716220699048103,-0.00372110123828151,0.0020669385897207552,-1.3848609808441783,0.9539711368553107,-1.9002214412197336,0.0
8.52,1.5421782333950764,-1.1203320011947315,0.06741628181054192,0.0024276310625187107,0.0011200957492502966,-0.0012703107707896957,-1.382556340899891,0.8892934020762232,-1.9156964565625625,0.0
8.540000000000001,1.5422280734078135,-1.120301201342331,0.06737929315617269,0.0010199958836406458,0.000842345569138031,-0.0014975337747827502,-1.385562067910028,0.8239818486719168,-1.9068551799811266,0.0
8.56,1.5420147037678205,-1.1202959776877246,0.06742194910439939,-0.009638747065116774,0.00021666397953356154,-0.00678756947533741,-1.384681176562342,0.7622424661126722,-1.8743622360191838,0.0
8.58,1.5417523683717718,-1.1202940589994768,0.06741833906903515,-0.01360399645340115,0.00019215865022574228,-0.004071021554751318,-1.3828586169075663,0.7107877449674513,-1.8207855496191483,0.0
8.6,1.5414754353989348,-1.1203002301731961,0.06748583092794257,-0.010169480568457238,-0.0006043694212858957,-0.003881970268969117,-1.3824336913845008,0.6673492334195066,-1.750095846967774,0.0
8.620000000000001,1.5412773334271994,-1.1203470360408943,0.06752390903684959,-0.00772656406792315,-0.003643740420017567,0.0015879586309587193,-1.3790493981799645,0.6468738580312162,-1.667755308246145,0.0
8.64,1.541176323996068,-1.1204158589882398,0.06755513953359962,-0.002356267504461335,-0.0012586260978240224,-0.0006226387725648626,-1.3766579741036744,0.6393582525954342,-1.5899898090479052,0.0
8.66,1.5411661359594688,-1.1204193358614551,0.06751457824359225,0.0007948157990995341,0.0013334481502344083,-0.0023388404624578225,-1.3795719567507883,0.6523789287061507,-1.5575308784500128,0.0
8.68,1.5411498014526337,-1.120442292292133,0.06752535020824284,-0.002761024582220959,-0.0031531480694570744,0.003626133796362137,-1.3834604239797843,0.6825000209465305,-1.5279393886996617,0.0
8.700000000000001,1.5411782471328168,-1.1204771744060351,0.06760632367337778,0.005016180870334979,-0.0008991912570859286,0.00554069403006294,-1.3774059699146923,0.7270622959196161,-1.503558691033498,0.0
8.72,1.541351208037469,-1.120508097012381,0.06766724868242974,0.007552006887662951,-0.005945861162237277,-0.003133915055059144,-1.3805332742685752,0.7837281220555247,-1.4862561182241911,0.0
8.74,1.5415949985040214,-1.1204794148145676,0.0674773145674982,0.017850571991842822,0.011313321527269094,-0.012004637928414861,-1.377692183056989,0.843737494759852,-1.4772784278623452,0.0
8.76,1.5419080465770338,-1.1204372356505718,0.0674085216172982,0.012847975996333265,0.0034229138872894664,-0.016163239488713788,-1.3997902837766882,0.9130909708401191,-1.4771264805704005,0.0
8.78,1.541941825665948,-1.1203755777050064,0.06740633502126625,-0.005961036447338752,0.003948780356854663,0.011041626536890416,-1.3939891528005026,0.9785495007919432,-1.486097876579329,0.0
8.8,1.5419011150035022,-1.1203582518818396,0.06743120922926116,-0.0032664130942061075,-0.0002502958583953693,0.0019544600545687405,-1.3752541749418117,1.0309313588018323,-1.50346347888392,0.0
8.82,1.5418158778316815,-1.1203609276920172,0.06753014483730288,-0.003193426737745607,0.00012558254555717952,0.0028875349322142517,-1.3734863466405107,1.0793466822117124,-1.5278726934882,0.0
8.84,1.5417811156050527,-1.1202965950400292,0.0676187189626457,0.0014406643469752358,0.004145497815907097,-0.0012968886375138928,-1.3726285909813494,1.1089640795154727,-1.557510882692979,0.0
8.86,1.5417542463251857,-1.1202638548559665,0.067676591511414,-0.0017229621426885283,0.00018517400047806157,0.0014454919137820215,-1.3784570740626585,1.121173958281444,-1.5900656569885459,0.0
8.88,1.541749615735117,-1.1202336435172733,0.06768612425005484,0.001194144629176277,0.002270236410359145,-0.0014688098576313314,-1.3729296172608154,1.115959098378464,-1.667907916712941,0.0
8.9,1.5418009826322425,-1.1202151693145597,0.06759996708545903,0.0030197532013630122,-0.0038888143735614986,-0.008754383806135977,-1.380852809468437,1.0907538724728052,-1.750310075112599,0.0
8.92,1.5418172195486775,-1.1204117086792338,0.06741156112428162,-0.00029566840430813934,-0.013717350887416931,-0.010663457527606925,-1.3919183551827663,1.0503566473726476,-1.8209279640040035,0.0
8.94,1.5418120532547337,-1.1205855211443878,0.06734155938416722,-0.0016943350685167812,-0.005071306514282611,0.0033397063193088246,-1.3979112919275605,0.996812200982174,-1.8743880503936758,0.0
8.96,1.5417872603476415,-1.1206951640819445,0.06738939841244135,-0.0019423993221983594,-0.0037497003629078686,0.002443645061831034,-1.3838740568830834,0.9363882722980013,-1.9067954020400317,0.0
8.98,1.5418083897402721,-1.1207378515639679,0.06736486969483746,0.0033138457781226247,0.0010479689510238556,-0.0034060420481513863,-1.38198437846233,0.8707333967455009,-1.9156841499749413,0.0
9.0,1.5418286428316286,-1.1207164013031976,0.06735324528722318,-0.0034350589701051793,0.0005129649836790318,0.0044239862036128605,-1.3861006635752713,0.8071614143070489,-1.900229980970317,0.0
9.02,1.5415008721906966,-1.1207421600992982,0.0674211563682826,-0.01986370063600994,-0.0018898202948115334,-0.0035770782196538065,-1.3833474276126478,0.7467325075063355,-1.8616732839724377,0.0
9.040000000000001,1.5412839709972483,-1.1207253838298328,0.0674346404392857,-0.007531608893659892,0.002480076520636734,0.003601173261593903,-1.3816823598535135,0.6940623596597697,-1.802994832796841,0.0
9.06,1.5409438036164722,-1.1207398635431725,0.0674791618088731,-0.01585760085157936,-0.005060650402916965,0.0020999717298782142,-1.384180512919533,0.6620088953792892,-1.7285478982692717,0.0
9.08,1.5407633314214966,-1.1208353728655784,0.06754307899453227,-0.005922688234393139,-0.0046470353050162465,0.00234477780002642,-1.3746147139006764,0.6401797113317355,-1.6440555179657332,0.0
9.1,1.540703621234967,-1.1208960293641708,0.06755799826840857,0.0001353264167656061,0.00023208540603968705,-0.0018750975683538072,-1.3759400049410975,0.6416022342250568,-1.5809944751679086,0.0
9.120000000000001,1.5407283693871863,-1.120881289028012,0.06750866264176002,0.0010980253411669114,0.0009600491018459925,-0.0013712617086347192,-1.381727410883585,0.6596361556604363,-1.549081558594259,0.0
9.14,1.5407008978201209,-1.1209373185502793,0.06756726805600273,-0.0015252168826719054,-0.0027184659026049047,0.003641247431678207,-1.3831908599247176,0.6937158492217727,-1.5206839667585212,0.0
9.16,1.5407910292798626,-1.1209461227756665,0.06764178976088447,0.007939182088149874,0.0020622843524866256,0.0019606977511689707,-1.3776181117020831,0.7415799022036138,-1.4980931043587393,0.0
9.18,1.5409623921936768,-1.120966550466974,0.06767001520498048,0.009385024608839276,0.0003295503861285619,0.0004678913403274856,-1.3844192877011146,0.8005567693481893,-1.4829545675015634,0.0
9.200000000000001,1.5412168244867068,-1.1209064684321786,0.06750316691346638,0.010561318427737356,0.0006210482890020726,-0.0033909084239052466,-1.3846313397706433,0.8648308280256085,-1.4763728047525917,0.0
9.22,1.5414358771297532,-1.1207573737330518,0.06734185857601177,0.00496057802853832,0.0036053628215026003,-0.003943279229594485,-1.3889795282320407,0.9303149558116394,-1.4787303587025906,0.0
9.24,1.5413862277155932,-1.1206916341820723,0.0674654640331694,-0.0011525271007819856,0.0013661099633129998,-0.0006614398800535897,-1.3899860384160572,0.9932111080062547,-1.4899985396886157,0.0
9.26,1.5413201089803463,-1.1206713987359436,0.0675328717078846,-0.0029015128047191843,3.03282709577734e-05,0.0010661135587158041,-1.377167440272923,1.0481622454723083,-1.5095352882399875,0.0
9.28,1.5412883978887877,-1.1206486080717428,0.06755964878838323,0.0018116213711249869,0.003333735326189498,-0.0032165942962753785,-1.370805079391046,1.090210405412121,-1.5355915131700173,0.0
9.3,1.5412477138800849,-1.1205939129341584,0.06765198860167357,-0.001868794382211127,0.0014483019003853955,0.0023199800214993528,-1.3799647014269019,1.1138572697247062,-1.5662049325709277,0.0
9.32,1.5412416863645084,-1.1205926644515058,0.06764656605487669,0.0001686001048037056,0.0009850462648706769,-0.0009070526202811762,-1.3726269329662801,1.1219509197273303,-1.6041632214232167,0.0
9.34,1.5412624380346567,-1.1205460948950206,0.06762394094149372,0.0019114149643171363,0.003527428900236805,-0.0015651421050195229,-1.3786496881284809,1.109980585646844,-1.6911705589485608,0.0
9.36,1.5413151984003395,-1.1205292991808073,0.06753859387960308,0.0028297355487764127,-0.004985707659235165,-0.009098465073461516,-1.3844926429804256,1.0804137304430586,-1.77094534370816,0.0
9.38,1.541294665793826,-1.1208184776298082,0.06734470722543351,0.0004224123411099615,-0.021478535443717025,-0.017770056027533544,-1.3957334180270244,1.0363410223128087,-1.8373913169392402,0.0
9.4,1.5412593721625627,-1.12103271142194,0.06733097870911457,-0.0022902807448474853,-0.004647317959035485,0.004103475487737941,-1.3870236842263928,0.9874464769873107,-1.8854204225694755,0.0
9.42,1.541260970160292,-1.1210693705812795,0.06739554340121615,0.0026402567502106624,0.002003166543138586,-0.0010968228077617458,-1.3822322776007705,0.9182745328076064,-1.9116042851138104,0.0
9.44,1.5412973305185056,-1.1210909873928319,0.06737845093127197,0.0027927513527428514,0.00025095627743127233,-0.003409485264416785,-1.3867909616108882,0.8530767536125435,-1.913872054087375,0.0
9.46,1.5412513055846482,-1.1210903022430558,0.0674322445639765,-0.008504694531744812,-0.0009169721686747446,0.00970190207877636,-1.385443433639899,0.7901326144029069,-1.8919274669320394,0.0
9.48,1.5409596380089434,-1.1211019861148273,0.06750226801952929,-0.014720726643731153,-0.002021306623211139,0.007127064863017948,-1.382064692435333,0.7324614212897795,-1.8475580939348923,0.0
9.5,1.5407433721402015,-1.1211417666915635,0.06748169832258032,-0.009489285785687826,-0.001547889076132999,0.004095793656771928,-1.380015006918084,0.6850577881116583,-1.784093095149214,0.0
9.52,1.5405238495890723,-1.1211868780692915,0.06753443926126569,-0.009999010874348194,-0.005260090930818705,0.004432671110446776,-1.3800700330702589,0.6542486338749024,-1.7062710940739096,0.0
9.540000000000001,1.5404163765097654,-1.1212587577800617,0.06757932107970473,-0.00325023099775224,-0.0025599310603452007,0.00046923472147394614,-1.3743754906485366,0.6396198497326963,-1.6201321291779427,0.0
9.56,1.5403779941479445,-1.1212940146445192,0.06757114058107139,-2.4826900505578453e-05,0.00024064218441118723,-0.0019168922205169956,-1.378122891269346,0.6448046549811068,-1.5720982592020323,0.0
9.58,1.540383635662087,-1.1212942973966593,0.06753963409135433,-0.0005713872549750489,-0.0006172643372683427,0.0002968032215526666,-1.381727941323932,0.6671517823959598,-1.5409073291902764,0.0
9.6,1.5403395711843257,-1.1213619337910883,0.0676073824945867,0.001294522140093568,0.0011497156709669625,-0.0005988355087411649,-1.380721647958563,0.7053258703813521,-1.5138860545616393,0.0
9.620000000000001,1.5404734644539786,-1.1213714460050759,0.06767170110051449,0.005764141327841882,0.0008109968406038227,-0.0041199800309861465,-1.3816953535574399,0.7566336481851932,-1.4931827072524284,0.0
9.64,1.540676699158833,-1.121347551657172,0.06764513912558759,0.013263303533410837,-0.0005318696582130823,-0.00593157407255015,-1.382464934428017,0.8161743600485073,-1.4802915642204182,0.0
9.66,1.540958164961825,-1.1212315673080773,0.06742501145281035,0.016602388817401635,0.007244538686477312,-0.006809460375120649,-1.3883711302608757,0.8850498522862554,-1.476125585996012,0.0
9.68,1.5411437109518231,-1.1212590296139255,0.06735549424130802,0.002967434132429534,-0.0019218703215922307,-0.00805659200108231,-1.398480425787058,0.948250484082445,-1.4809173944801632,0.0
9.700000000000001,1.5410808747576423,-1.1212324279400945,0.06743203688148278,0.004785323374986444,-0.0012596152614236182,-0.01395453112455126,-1.3842519010474719,1.0094481857730815,-1.4945650443328065,0.0
9.72,1.5410136219379709,-1.1212130516951284,0.06750940526769668,-0.0010540996404292712,0.0022433666324642265,0.0004035952516040051,-1.3806626120160432,1.0637067205962143,-1.5160242054130784,0.0
9.74,1.5409626504252185,-1.1211817612202983,0.06759176939533947,-0.0036366222393258525,0.0017830860131578205,0.0057330968184292385,-1.3764862269819287,1.0971269556494718,-1.5435536322160481,0.0
9.76,1.540959005753788,-1.1210976753357798,0.06765147095543604,0.0020805514431385366,0.003163538521144534,-0.0029906558399123827,-1.3739367352059897,1.1166805169560423,-1.575070648439241,0.0
9.78,1.5409634503345366,-1.1210617752992955,0.06765533365930265,0.000316567790471168,0.0014403647366091814,-0.000668028450118427,-1.3774223797475895,1.1212399005982783,-1.6282369255167435,0.0
9.8,1.5409881051742187,-1.121020015296611,0.06762724705480966,0.0022214815532944705,0.0038277600213896244,-0.0014588502627943037,-1.3782142031516122,1.1042323664679903,-1.7139241237865437,0.0
9.82,1.5410296027218144,-1.1210935705964618,0.06749043651715309,0.0017712616921004942,-0.01030304432021332,-0.011546225816018808,-1.3866533681752522,1.0694430317457626,-1.7906394929061247,0.0
9.84,1.5409783531618235,-1.1214339955985066,0.06731461398163295,-0.00264654037340753,-0.0127425998888491,-0.003691587959348183,-1.3971973501120518,1.0225769284794686,-1.852493784372405,0.0
9.86,1.540939550194297,-1.1215608300137336,0.06736399059593388,-0.0005306808374397156,-0.002116091584915969,0.0026373958579418077,-1.3846797457712883,0.9668102546979438,-1.8948369527714233,0.0
9.88,1.5409454351807044,-1.121616507525018,0.0674062730778647,0.0049230124396396685,-0.0001237409072837141,-0.007028010817997336,-1.3835634122840677,0.9007981599546686,-1.9146539474025632,0.0
9.9,1.5410092805306936,-1.121587559152892,0.06734104563959999,0.0009314276076843829,0.0011722490314686562,-0.0010778413068754792,-1.386235452573657,0.8375926592672511,-1.9102569386954704,0.0
9.92,1.5408785188048475,-1.1215875479695159,0.06748224690279937,-0.015292832929445749,-0.0023161107368982513,0.008820276115431621,-1.3846379827470907,0.7725499133933598,-1.8819020922400806,0.0
9.94,1.5405020814250152,-1.1216233233604926,0.06742519481518174,-0.011048687255718604,-0.0017617406117839283,-0.00048702505673762467,-1.3819633045593935,0.7175480831797546,-1.8319899950768503,0.0
9.96,1.5403310998863098,-1.1216017299752068,0.06746972409444273,-0.009951587661449239,0.0007901411837665434,-0.0033918784926150617,-1.3802744039070107,0.6768859977694077,-1.7639960374397545,0.0
9.98,1.5400799122130926,-1.1216580093330748,0.06753725070516776,-0.011417553995032255,-0.005854501171344046,0.0006602498693552288,-1.3813331824414703,0.6470670657632206,-1.683320398641093,0.0
