trial_id,controller,joint,positive_work_j,fraction_of_trial_work,observed_duration_s,complete
ppo_reference-nominal-100,ppo_reference,FR_hip,0.08108387226126634,0.0019711548092627234,0.5120000000000003,False
ppo_reference-nominal-100,ppo_reference,FR_thigh,0.880938677147217,0.021415683066159954,0.5120000000000003,False
ppo_reference-nominal-100,ppo_reference,FR_calf,8.570130333643418,0.20834048932366248,0.5120000000000003,False
ppo_reference-nominal-100,ppo_reference,FL_hip,0.06084108599615745,0.0014790512085518855,0.5120000000000003,False
ppo_reference-nominal-100,ppo_reference,FL_thigh,1.2539805398613655,0.030484357775921952,0.5120000000000003,False
ppo_reference-nominal-100,ppo_reference,FL_calf,9.831261055130293,0.23899866853293691,0.5120000000000003,False
ppo_reference-nominal-100,ppo_reference,RR_hip,0.04506628832941375,0.0010955647343766498,0.5120000000000003,False
ppo_reference-nominal-100,ppo_reference,RR_thigh,2.095593116505558,0.050944020489645976,0.5120000000000003,False
ppo_reference-nominal-100,ppo_reference,RR_calf,6.334028116285323,0.15398068241229468,0.5120000000000003,False
ppo_reference-nominal-100,ppo_reference,RL_hip,0.11721327128624391,0.0028494631171637583,0.5120000000000003,False
ppo_reference-nominal-100,ppo_reference,RL_thigh,1.2000238332562485,0.029172666329145048,0.5120000000000003,False
ppo_reference-nominal-100,ppo_reference,RL_calf,10.665052468502848,0.25926819820087793,0.5120000000000003,False
ppo_reference-nominal-101,ppo_reference,FR_hip,0.08142287721302623,0.00198721876317981,0.5120000000000003,False
ppo_reference-nominal-101,ppo_reference,FR_thigh,0.9179761547258176,0.022404261569510763,0.5120000000000003,False
ppo_reference-nominal-101,ppo_reference,FR_calf,8.610257058899823,0.2101432050660789,0.5120000000000003,False
ppo_reference-nominal-101,ppo_reference,FL_hip,0.061309128014589015,0.0014963196304894617,0.5120000000000003,False
ppo_reference-nominal-101,ppo_reference,FL_thigh,1.2209833744626257,0.029799500512793897,0.5120000000000003,False
ppo_reference-nominal-101,ppo_reference,FL_calf,9.89129780464366,0.24140847464970816,0.5120000000000003,False
ppo_reference-nominal-101,ppo_reference,RR_hip,0.05486666050628668,0.0013390838172648893,0.5120000000000003,False
ppo_reference-nominal-101,ppo_reference,RR_thigh,2.0292897848679434,0.04952714610990859,0.5120000000000003,False
ppo_reference-nominal-101,ppo_reference,RR_calf,6.350991992700054,0.15500324828461318,0.5120000000000003,False
ppo_reference-nominal-101,ppo_reference,RL_hip,0.10834236959447861,0.0026442198688486707,0.5120000000000003,False
ppo_reference-nominal-101,ppo_reference,RL_thigh,1.2542654680059597,0.030611788201844486,0.5120000000000003,False
ppo_reference-nominal-101,ppo_reference,RL_calf,10.392280550976084,0.2536355335257592,0.5120000000000003,False
ppo_reference-nominal-102,ppo_reference,FR_hip,0.08280014117800037,0.002017120399377674,0.5120000000000003,False
ppo_reference-nominal-102,ppo_reference,FR_thigh,0.7861465394175545,0.01915156422439339,0.5120000000000003,False
ppo_reference-nominal-102,ppo_reference,FR_calf,8.86614582340819,0.21599097960240607,0.5120000000000003,False
ppo_reference-nominal-102,ppo_reference,FL_hip,0.06878206941062022,0.00167562172413827,0.5120000000000003,False
ppo_reference-nominal-102,ppo_reference,FL_thigh,1.2575413598728742,0.03063536237948688,0.5120000000000003,False
ppo_reference-nominal-102,ppo_reference,FL_calf,10.030527969310686,0.24435686093734174,0.5120000000000003,False
ppo_reference-nominal-102,ppo_reference,RR_hip,0.03865603288207109,0.0009417118301503216,0.5120000000000003,False
ppo_reference-nominal-102,ppo_reference,RR_thigh,1.7203139760329864,0.04190911229161813,0.5120000000000003,False
ppo_reference-nominal-102,ppo_reference,RR_calf,6.598863130523208,0.16075698958851745,0.5120000000000003,False
ppo_reference-nominal-102,ppo_reference,RL_hip,0.1460611217077127,0.0035582411329377357,0.5120000000000003,False
ppo_reference-nominal-102,ppo_reference,RL_thigh,1.1640217521161573,0.028357101668042672,0.5120000000000003,False
ppo_reference-nominal-102,ppo_reference,RL_calf,10.288825727072332,0.2506493342215897,0.5120000000000003,False
ppo_reference-nominal-103,ppo_reference,FR_hip,0.08486927493618998,0.0020616752074214995,0.5120000000000003,False
ppo_reference-nominal-103,ppo_reference,FR_thigh,0.8393441437711174,0.020389652356620266,0.5120000000000003,False
ppo_reference-nominal-103,ppo_reference,FR_calf,8.879181933166919,0.21569630785179586,0.5120000000000003,False
ppo_reference-nominal-103,ppo_reference,FL_hip,0.07231818073326579,0.0017567794749713764,0.5120000000000003,False
ppo_reference-nominal-103,ppo_reference,FL_thigh,1.2032208656136383,0.02922907765564136,0.5120000000000003,False
ppo_reference-nominal-103,ppo_reference,FL_calf,10.144244460103849,0.24642766557324253,0.5120000000000003,False
ppo_reference-nominal-103,ppo_reference,RR_hip,0.04513074685509005,0.0010963324707735744,0.5120000000000003,False
ppo_reference-nominal-103,ppo_reference,RR_thigh,1.785672560933016,0.04337820548386233,0.5120000000000003,False
ppo_reference-nominal-103,ppo_reference,RR_calf,6.495425768788706,0.1577892385580876,0.5120000000000003,False
ppo_reference-nominal-103,ppo_reference,RL_hip,0.13344665406841366,0.0032417345195072888,0.5120000000000003,False
ppo_reference-nominal-103,ppo_reference,RL_thigh,1.2611850444914217,0.03063716451158211,0.5120000000000003,False
ppo_reference-nominal-103,ppo_reference,RL_calf,10.22116167015908,0.2482961663364944,0.5120000000000003,False
ppo_reference-nominal-104,ppo_reference,FR_hip,0.07955462924928164,0.0019369576964848906,0.5120000000000003,False
ppo_reference-nominal-104,ppo_reference,FR_thigh,0.8174552007913729,0.01990300448441533,0.5120000000000003,False
ppo_reference-nominal-104,ppo_reference,FR_calf,8.722012156230461,0.21235934016998664,0.5120000000000003,False
ppo_reference-nominal-104,ppo_reference,FL_hip,0.06292271514303786,0.0015320118832825068,0.5120000000000003,False
ppo_reference-nominal-104,ppo_reference,FL_thigh,1.2094471455358875,0.029447035064380903,0.5120000000000003,False
ppo_reference-nominal-104,ppo_reference,FL_calf,9.922202095286254,0.24158098524124239,0.5120000000000003,False
ppo_reference-nominal-104,ppo_reference,RR_hip,0.06544346807531384,0.0015933859584203519,0.5120000000000003,False
ppo_reference-nominal-104,ppo_reference,RR_thigh,2.008126344815693,0.04889289053081661,0.5120000000000003,False
ppo_reference-nominal-104,ppo_reference,RR_calf,6.417306475491979,0.15624547918459133,0.5120000000000003,False
ppo_reference-nominal-104,ppo_reference,RL_hip,0.09023088388403432,0.002196897988829392,0.5120000000000003,False
ppo_reference-nominal-104,ppo_reference,RL_thigh,1.2225877326274492,0.029766975733371705,0.5120000000000003,False
ppo_reference-nominal-104,ppo_reference,RL_calf,10.454660939720037,0.2545450360641778,0.5120000000000003,False
ppo_gait-nominal-100,ppo_gait,FR_hip,0.10642961745423156,0.003960546993211162,0.3840000000000003,False
ppo_gait-nominal-100,ppo_gait,FR_thigh,0.7168274541090548,0.02667517638352605,0.3840000000000003,False
ppo_gait-nominal-100,ppo_gait,FR_calf,3.077707085342334,0.11453018280441662,0.3840000000000003,False
ppo_gait-nominal-100,ppo_gait,FL_hip,0.18244554251963208,0.006789314498491404,0.3840000000000003,False
ppo_gait-nominal-100,ppo_gait,FL_thigh,1.3802151374566423,0.05136170779707238,0.3840000000000003,False
ppo_gait-nominal-100,ppo_gait,FL_calf,9.865360475630109,0.3671179574191694,0.3840000000000003,False
ppo_gait-nominal-100,ppo_gait,RR_hip,0.06380018542046857,0.002374185293318509,0.3840000000000003,False
ppo_gait-nominal-100,ppo_gait,RR_thigh,0.5921047504050672,0.022033891927604566,0.3840000000000003,False
ppo_gait-nominal-100,ppo_gait,RR_calf,1.4255955906435718,0.053050442772534866,0.3840000000000003,False
ppo_gait-nominal-100,ppo_gait,RL_hip,0.3843255445267772,0.014301840185081405,0.3840000000000003,False
ppo_gait-nominal-100,ppo_gait,RL_thigh,1.1172073196786516,0.04157444324790121,0.3840000000000003,False
ppo_gait-nominal-100,ppo_gait,RL_calf,7.960435439300414,0.29623031067767236,0.3840000000000003,False
ppo_gait-nominal-101,ppo_gait,FR_hip,0.1098292152410096,0.004014164589905898,0.3800000000000003,False
ppo_gait-nominal-101,ppo_gait,FR_thigh,0.7946448147869574,0.02904359345617057,0.3800000000000003,False
ppo_gait-nominal-101,ppo_gait,FR_calf,3.553355019558192,0.12987210974397342,0.3800000000000003,False
ppo_gait-nominal-101,ppo_gait,FL_hip,0.19066234648566738,0.006968546922707666,0.3800000000000003,False
ppo_gait-nominal-101,ppo_gait,FL_thigh,1.3481836956332338,0.04927496968655979,0.3800000000000003,False
ppo_gait-nominal-101,ppo_gait,FL_calf,9.809799717938757,0.3585398527651052,0.3800000000000003,False
ppo_gait-nominal-101,ppo_gait,RR_hip,0.07011591797924689,0.002562677285123174,0.3800000000000003,False
ppo_gait-nominal-101,ppo_gait,RR_thigh,0.647388832565693,0.02366151230237849,0.3800000000000003,False
ppo_gait-nominal-101,ppo_gait,RR_calf,1.3205494396514164,0.04826496108741625,0.3800000000000003,False
ppo_gait-nominal-101,ppo_gait,RL_hip,0.342777125710465,0.012528212982649941,0.3800000000000003,False
ppo_gait-nominal-101,ppo_gait,RL_thigh,1.255027942655721,0.0458702059893252,0.3800000000000003,False
ppo_gait-nominal-101,ppo_gait,RL_calf,7.918082472059183,0.28939919318868434,0.3800000000000003,False
ppo_gait-nominal-102,ppo_gait,FR_hip,0.10587304506910224,0.003926146116624135,0.3840000000000003,False
ppo_gait-nominal-102,ppo_gait,FR_thigh,0.6811367076315195,0.02525895271843923,0.3840000000000003,False
ppo_gait-nominal-102,ppo_gait,FR_calf,3.0982560078994723,0.11489426591803853,0.3840000000000003,False
ppo_gait-nominal-102,ppo_gait,FL_hip,0.18464205154449084,0.006847178837292918,0.3840000000000003,False
ppo_gait-nominal-102,ppo_gait,FL_thigh,1.4404146099537436,0.05341565668114502,0.3840000000000003,False
ppo_gait-nominal-102,ppo_gait,FL_calf,9.465879892088166,0.351028229654636,0.3840000000000003,False
ppo_gait-nominal-102,ppo_gait,RR_hip,0.0702856073818822,0.002606438346009929,0.3840000000000003,False
ppo_gait-nominal-102,ppo_gait,RR_thigh,0.6968403838489325,0.025841300447811497,0.3840000000000003,False
ppo_gait-nominal-102,ppo_gait,RR_calf,1.595281810475116,0.0591586789728207,0.3840000000000003,False
ppo_gait-nominal-102,ppo_gait,RL_hip,0.3979730070865947,0.014758243472400701,0.3840000000000003,False
ppo_gait-nominal-102,ppo_gait,RL_thigh,1.0465727241524632,0.03881060976393033,0.3840000000000003,False
ppo_gait-nominal-102,ppo_gait,RL_calf,8.182994144284603,0.303454299070851,0.3840000000000003,False
ppo_gait-nominal-103,ppo_gait,FR_hip,0.1004472145507722,0.0037015787766890734,0.3840000000000003,False
ppo_gait-nominal-103,ppo_gait,FR_thigh,0.7173664855056933,0.026435661453944125,0.3840000000000003,False
ppo_gait-nominal-103,ppo_gait,FR_calf,3.0813840391149347,0.1135520363907255,0.3840000000000003,False
ppo_gait-nominal-103,ppo_gait,FL_hip,0.18567631577457416,0.006842355090469741,0.3840000000000003,False
ppo_gait-nominal-103,ppo_gait,FL_thigh,1.2954955160921897,0.04774028557296458,0.3840000000000003,False
ppo_gait-nominal-103,ppo_gait,FL_calf,9.726629642914622,0.3584358811336576,0.3840000000000003,False
ppo_gait-nominal-103,ppo_gait,RR_hip,0.0810650889798757,0.0029873283618695665,0.3840000000000003,False
ppo_gait-nominal-103,ppo_gait,RR_thigh,0.7539402824847856,0.0277834418905267,0.3840000000000003,False
ppo_gait-nominal-103,ppo_gait,RR_calf,1.5793575245017513,0.05820088013037822,0.3840000000000003,False
ppo_gait-nominal-103,ppo_gait,RL_hip,0.38699013930816445,0.014260967741688734,0.3840000000000003,False
ppo_gait-nominal-103,ppo_gait,RL_thigh,1.1442894289513097,0.04216819235395378,0.3840000000000003,False
ppo_gait-nominal-103,ppo_gait,RL_calf,8.0836751775762,0.29789139110313245,0.3840000000000003,False
ppo_gait-nominal-104,ppo_gait,FR_hip,0.1035451585518319,0.003837022934920789,0.3800000000000003,False
ppo_gait-nominal-104,ppo_gait,FR_thigh,0.6559880422221305,0.024308632081336174,0.3800000000000003,False
ppo_gait-nominal-104,ppo_gait,FR_calf,3.072096455052328,0.11384119471335813,0.3800000000000003,False
ppo_gait-nominal-104,ppo_gait,FL_hip,0.1676923627040442,0.006214094900288214,0.3800000000000003,False
ppo_gait-nominal-104,ppo_gait,FL_thigh,1.262105725361337,0.046769242350255806,0.3800000000000003,False
ppo_gait-nominal-104,ppo_gait,FL_calf,10.06746478253835,0.37306518051995935,0.3800000000000003,False
ppo_gait-nominal-104,ppo_gait,RR_hip,0.0646583553917476,0.002396013449998291,0.3800000000000003,False
ppo_gait-nominal-104,ppo_gait,RR_thigh,0.6888716303778452,0.025527183327001678,0.3800000000000003,False
ppo_gait-nominal-104,ppo_gait,RR_calf,1.5525338303150027,0.05753149637775792,0.3800000000000003,False
ppo_gait-nominal-104,ppo_gait,RL_hip,0.4231947987312143,0.015682125281193348,0.3800000000000003,False
ppo_gait-nominal-104,ppo_gait,RL_thigh,1.1286182344044038,0.04182266086358597,0.3800000000000003,False
ppo_gait-nominal-104,ppo_gait,RL_calf,7.799037148847244,0.28900515320034426,0.3800000000000003,False
ppo_calf-nominal-100,ppo_calf,FR_hip,2.948620340275963,0.001413497815328623,30.000000000003357,True
ppo_calf-nominal-100,ppo_calf,FR_thigh,98.36357732310518,0.04715313794556024,30.000000000003357,True
ppo_calf-nominal-100,ppo_calf,FR_calf,356.48161291972406,0.17088872859762436,30.000000000003357,True
ppo_calf-nominal-100,ppo_calf,FL_hip,8.186432913867515,0.003924379439776598,30.000000000003357,True
ppo_calf-nominal-100,ppo_calf,FL_thigh,56.17595227196255,0.026929403126545803,30.000000000003357,True
ppo_calf-nominal-100,ppo_calf,FL_calf,660.7204349300521,0.31673351721815757,30.000000000003357,True
ppo_calf-nominal-100,ppo_calf,RR_hip,2.94688797765806,0.001412667362271539,30.000000000003357,True
ppo_calf-nominal-100,ppo_calf,RR_thigh,86.24209201875097,0.04134238884293446,30.000000000003357,True
ppo_calf-nominal-100,ppo_calf,RR_calf,339.2275210687006,0.16261753111459454,30.000000000003357,True
ppo_calf-nominal-100,ppo_calf,RL_hip,2.923569870980627,0.001401489221635411,30.000000000003357,True
ppo_calf-nominal-100,ppo_calf,RL_thigh,94.99073113394402,0.04553627644097855,30.000000000003357,True
ppo_calf-nominal-100,ppo_calf,RL_calf,376.83777246565415,0.18064698287459247,30.000000000003357,True
ppo_calf-nominal-101,ppo_calf,FR_hip,3.039061800834465,0.0014602598361460927,30.000000000003357,True
ppo_calf-nominal-101,ppo_calf,FR_thigh,97.41365212879549,0.04680695985087523,30.000000000003357,True
ppo_calf-nominal-101,ppo_calf,FR_calf,355.5099707589348,0.17082144611412634,30.000000000003357,True
ppo_calf-nominal-101,ppo_calf,FL_hip,7.678869585405897,0.003689673187788786,30.000000000003357,True
ppo_calf-nominal-101,ppo_calf,FL_thigh,56.31132330865832,0.027057417432344605,30.000000000003357,True
ppo_calf-nominal-101,ppo_calf,FL_calf,658.5880387590514,0.316449524422966,30.000000000003357,True
ppo_calf-nominal-101,ppo_calf,RR_hip,2.978158352201217,0.0014309959166372828,30.000000000003357,True
ppo_calf-nominal-101,ppo_calf,RR_thigh,86.25347579403166,0.04144452949112112,30.000000000003357,True
ppo_calf-nominal-101,ppo_calf,RR_calf,339.57910104822906,0.16316671227915389,30.000000000003357,True
ppo_calf-nominal-101,ppo_calf,RL_hip,2.9331533082019394,0.001409371131594054,30.000000000003357,True
ppo_calf-nominal-101,ppo_calf,RL_thigh,94.19624792786529,0.045261007040709914,30.000000000003357,True
ppo_calf-nominal-101,ppo_calf,RL_calf,376.6977385688797,0.1810021032965358,30.000000000003357,True
ppo_calf-nominal-102,ppo_calf,FR_hip,2.9624571998131946,0.0014254665403398916,30.000000000003357,True
ppo_calf-nominal-102,ppo_calf,FR_thigh,96.88499369889568,0.046618839518601546,30.000000000003357,True
ppo_calf-nominal-102,ppo_calf,FR_calf,355.65652679722376,0.17113377328621296,30.000000000003357,True
ppo_calf-nominal-102,ppo_calf,FL_hip,7.707252897706045,0.0037085535360005936,30.000000000003357,True
ppo_calf-nominal-102,ppo_calf,FL_thigh,56.0578908046076,0.026973772876460213,30.000000000003357,True
ppo_calf-nominal-102,ppo_calf,FL_calf,657.7465644712292,0.3164925791118181,30.000000000003357,True
ppo_calf-nominal-102,ppo_calf,RR_hip,2.9901275827995666,0.0014387808947575523,30.000000000003357,True
ppo_calf-nominal-102,ppo_calf,RR_thigh,86.130554896909,0.04144404993064337,30.000000000003357,True
ppo_calf-nominal-102,ppo_calf,RR_calf,338.8931577568413,0.1630676241206008,30.000000000003357,True
ppo_calf-nominal-102,ppo_calf,RL_hip,2.8824252337715524,0.0013869569916594336,30.000000000003357,True
ppo_calf-nominal-102,ppo_calf,RL_thigh,93.51575690506363,0.04499763995615976,30.000000000003357,True
ppo_calf-nominal-102,ppo_calf,RL_calf,376.80921698441847,0.1813119632367457,30.000000000003357,True
ppo_calf-nominal-103,ppo_calf,FR_hip,3.0459670041520384,0.0014637293020421957,30.000000000003357,True
ppo_calf-nominal-103,ppo_calf,FR_thigh,97.45998216731353,0.04683406992930318,30.000000000003357,True
ppo_calf-nominal-103,ppo_calf,FR_calf,354.5730588086076,0.1703889028296854,30.000000000003357,True
ppo_calf-nominal-103,ppo_calf,FL_hip,8.504333999251852,0.0040867293874458826,30.000000000003357,True
ppo_calf-nominal-103,ppo_calf,FL_thigh,55.92322148996109,0.02687371788593611,30.000000000003357,True
ppo_calf-nominal-103,ppo_calf,FL_calf,658.8744863949412,0.3166199406591271,30.000000000003357,True
ppo_calf-nominal-103,ppo_calf,RR_hip,2.8561940544376374,0.0013725345429219215,30.000000000003357,True
ppo_calf-nominal-103,ppo_calf,RR_thigh,84.63596235226602,0.040671529905833566,30.000000000003357,True
ppo_calf-nominal-103,ppo_calf,RR_calf,341.5492079824681,0.16413033467918967,30.000000000003357,True
ppo_calf-nominal-103,ppo_calf,RL_hip,2.903803472871764,0.001395413090430882,30.000000000003357,True
ppo_calf-nominal-103,ppo_calf,RL_thigh,93.65361694565027,0.04500493379564573,30.000000000003357,True
ppo_calf-nominal-103,ppo_calf,RL_calf,376.983496390938,0.1811581639924394,30.000000000003357,True
ppo_calf-nominal-104,ppo_calf,FR_hip,2.897249662946769,0.0013945434124297603,30.000000000003357,True
ppo_calf-nominal-104,ppo_calf,FR_thigh,97.28290429663348,0.046825523897350646,30.000000000003357,True
ppo_calf-nominal-104,ppo_calf,FR_calf,354.9043928973356,0.17082738484262136,30.000000000003357,True
ppo_calf-nominal-104,ppo_calf,FL_hip,7.652023208932205,0.0036831753556656123,30.000000000003357,True
ppo_calf-nominal-104,ppo_calf,FL_thigh,56.08462052968011,0.026995408472578458,30.000000000003357,True
ppo_calf-nominal-104,ppo_calf,FL_calf,657.1231437651106,0.31629540353823693,30.000000000003357,True
ppo_calf-nominal-104,ppo_calf,RR_hip,2.7775404487095483,0.0013369233535661185,30.000000000003357,True
ppo_calf-nominal-104,ppo_calf,RR_thigh,86.58441240506379,0.04167598101151346,30.000000000003357,True
ppo_calf-nominal-104,ppo_calf,RR_calf,338.7797313298244,0.16306604454315915,30.000000000003357,True
ppo_calf-nominal-104,ppo_calf,RL_hip,2.9362140346834438,0.0014132982710875323,30.000000000003357,True
ppo_calf-nominal-104,ppo_calf,RL_thigh,93.4123704080924,0.0449625061512855,30.000000000003357,True
ppo_calf-nominal-104,ppo_calf,RL_calf,377.1268677590276,0.1815238071505072,30.000000000003357,True
ppo_calf-push-50-90-100,ppo_calf,FR_hip,0.7936176370218643,0.0021274809011895854,5.65999999999982,False
ppo_calf-push-50-90-100,ppo_calf,FR_thigh,16.857198897905658,0.04518973247296969,5.65999999999982,False
ppo_calf-push-50-90-100,ppo_calf,FR_calf,64.17903370468817,0.17204716993930044,5.65999999999982,False
ppo_calf-push-50-90-100,ppo_calf,FL_hip,1.7514220745479108,0.004695103586035685,5.65999999999982,False
ppo_calf-push-50-90-100,ppo_calf,FL_thigh,10.915932128449212,0.02926275329402447,5.65999999999982,False
ppo_calf-push-50-90-100,ppo_calf,FL_calf,113.57516438319263,0.30446525102623573,5.65999999999982,False
ppo_calf-push-50-90-100,ppo_calf,RR_hip,0.9767681530151292,0.0026184594362444378,5.65999999999982,False
ppo_calf-push-50-90-100,ppo_calf,RR_thigh,15.29999232760683,0.041015269755697165,5.65999999999982,False
ppo_calf-push-50-90-100,ppo_calf,RR_calf,61.5165811739391,0.1649098324542762,5.65999999999982,False
ppo_calf-push-50-90-100,ppo_calf,RL_hip,1.2011391857703178,0.003219939374062019,5.65999999999982,False
ppo_calf-push-50-90-100,ppo_calf,RL_thigh,18.02816437899417,0.04832878405241367,5.65999999999982,False
ppo_calf-push-50-90-100,ppo_calf,RL_calf,67.93660122253684,0.18212022370755127,5.65999999999982,False
ppo_calf-push-50-90-101,ppo_calf,FR_hip,0.9047030843973635,0.002392627975231987,5.691999999999816,False
ppo_calf-push-50-90-101,ppo_calf,FR_thigh,17.107702809606263,0.0452439800860019,5.691999999999816,False
ppo_calf-push-50-90-101,ppo_calf,FR_calf,65.32206334669668,0.17275435317797172,5.691999999999816,False
ppo_calf-push-50-90-101,ppo_calf,FL_hip,1.8707282188585472,0.0049474316465698475,5.691999999999816,False
ppo_calf-push-50-90-101,ppo_calf,FL_thigh,10.740389344933321,0.028404629601421875,5.691999999999816,False
ppo_calf-push-50-90-101,ppo_calf,FL_calf,113.43409396124795,0.2999940988789301,5.691999999999816,False
ppo_calf-push-50-90-101,ppo_calf,RR_hip,1.0680197629734802,0.0028245443251618384,5.691999999999816,False
ppo_calf-push-50-90-101,ppo_calf,RR_thigh,15.54214179330177,0.04110361055577322,5.691999999999816,False
ppo_calf-push-50-90-101,ppo_calf,RR_calf,63.47974261008976,0.1678820495351783,5.691999999999816,False
ppo_calf-push-50-90-101,ppo_calf,RL_hip,1.4421562875154224,0.003814006537254777,5.691999999999816,False
ppo_calf-push-50-90-101,ppo_calf,RL_thigh,19.045834330427223,0.05036967024487217,5.691999999999816,False
ppo_calf-push-50-90-101,ppo_calf,RL_calf,68.16350878177116,0.18026899743563224,5.691999999999816,False
ppo_calf-push-50-90-102,ppo_calf,FR_hip,0.7004427901234436,0.0018681072952023803,5.691999999999816,False
ppo_calf-push-50-90-102,ppo_calf,FR_thigh,17.022844715383314,0.04540056782124982,5.691999999999816,False
ppo_calf-push-50-90-102,ppo_calf,FR_calf,64.95678202237494,0.173242183487225,5.691999999999816,False
ppo_calf-push-50-90-102,ppo_calf,FL_hip,1.9203033522112296,0.005121521345997672,5.691999999999816,False
ppo_calf-push-50-90-102,ppo_calf,FL_thigh,10.946042435985309,0.02919350733077749,5.691999999999816,False
ppo_calf-push-50-90-102,ppo_calf,FL_calf,113.85094239346442,0.30364475022066234,5.691999999999816,False
ppo_calf-push-50-90-102,ppo_calf,RR_hip,1.1073803737236438,0.0029534251531841676,5.691999999999816,False
ppo_calf-push-50-90-102,ppo_calf,RR_thigh,15.517797155740274,0.041386549309759116,5.691999999999816,False
ppo_calf-push-50-90-102,ppo_calf,RR_calf,62.027853006237386,0.1654306195175078,5.691999999999816,False
ppo_calf-push-50-90-102,ppo_calf,RL_hip,1.282030434387258,0.0034192234411153434,5.691999999999816,False
ppo_calf-push-50-90-102,ppo_calf,RL_thigh,18.017242813639253,0.048052664991612454,5.691999999999816,False
ppo_calf-push-50-90-102,ppo_calf,RL_calf,67.59817577619552,0.1802868800857075,5.691999999999816,False
ppo_calf-push-50-270-100,ppo_calf,FR_hip,1.5445815575960837,0.0037353786022522656,5.875999999999796,False
ppo_calf-push-50-270-100,ppo_calf,FR_thigh,18.880525482598376,0.045660205212303524,5.875999999999796,False
ppo_calf-push-50-270-100,ppo_calf,FR_calf,79.56661576831733,0.1924219750863571,5.875999999999796,False
ppo_calf-push-50-270-100,ppo_calf,FL_hip,3.3277596736296986,0.008047773338470085,5.875999999999796,False
ppo_calf-push-50-270-100,ppo_calf,FL_thigh,11.677246002946339,0.028239968707465386,5.875999999999796,False
ppo_calf-push-50-270-100,ppo_calf,FL_calf,115.7208601033167,0.2798565233013067,5.875999999999796,False
ppo_calf-push-50-270-100,ppo_calf,RR_hip,4.934839486580998,0.011934296206678309,5.875999999999796,False
ppo_calf-push-50-270-100,ppo_calf,RR_thigh,20.299851586631384,0.049092669061525145,5.875999999999796,False
ppo_calf-push-50-270-100,ppo_calf,RR_calf,66.7145336060719,0.16134081108621445,5.875999999999796,False
ppo_calf-push-50-270-100,ppo_calf,RL_hip,1.525109268877991,0.003688287291174044,5.875999999999796,False
ppo_calf-push-50-270-100,ppo_calf,RL_thigh,18.505921410036077,0.0447542718026469,5.875999999999796,False
ppo_calf-push-50-270-100,ppo_calf,RL_calf,70.80282681934584,0.17122784030360602,5.875999999999796,False
ppo_calf-push-50-270-101,ppo_calf,FR_hip,2.4168057501975033,0.005872142279669688,5.847999999999799,False
ppo_calf-push-50-270-101,ppo_calf,FR_thigh,19.418674338151586,0.04718178884954993,5.847999999999799,False
ppo_calf-push-50-270-101,ppo_calf,FR_calf,76.160428699094,0.1850479184622806,5.847999999999799,False
ppo_calf-push-50-270-101,ppo_calf,FL_hip,4.951910559098714,0.012031717218833171,5.847999999999799,False
ppo_calf-push-50-270-101,ppo_calf,FL_thigh,11.10321834969137,0.02697762445587479,5.847999999999799,False
ppo_calf-push-50-270-101,ppo_calf,FL_calf,115.98883630197989,0.2818194840701956,5.847999999999799,False
ppo_calf-push-50-270-101,ppo_calf,RR_hip,4.634765433799865,0.011261145856651365,5.847999999999799,False
ppo_calf-push-50-270-101,ppo_calf,RR_thigh,20.136073041356973,0.04892486119043968,5.847999999999799,False
ppo_calf-push-50-270-101,ppo_calf,RR_calf,66.22130389218944,0.16089870622345318,5.847999999999799,False
ppo_calf-push-50-270-101,ppo_calf,RL_hip,1.2021043536344505,0.0029207675457471076,5.847999999999799,False
ppo_calf-push-50-270-101,ppo_calf,RL_thigh,18.98927058730267,0.04613846134165957,5.847999999999799,False
ppo_calf-push-50-270-101,ppo_calf,RL_calf,70.34799696944444,0.17092538250564465,5.847999999999799,False
ppo_calf-push-50-270-102,ppo_calf,FR_hip,2.9891889940514536,0.0071883650846383505,5.7719999999998075,False
ppo_calf-push-50-270-102,ppo_calf,FR_thigh,18.40725492339716,0.044265541208234456,5.7719999999998075,False
ppo_calf-push-50-270-102,ppo_calf,FR_calf,82.30520871331268,0.1979265579312731,5.7719999999998075,False
ppo_calf-push-50-270-102,ppo_calf,FL_hip,3.7633939704502377,0.009050163730282126,5.7719999999998075,False
ppo_calf-push-50-270-102,ppo_calf,FL_thigh,11.773806523677383,0.0283135057356741,5.7719999999998075,False
ppo_calf-push-50-270-102,ppo_calf,FL_calf,114.0421062535613,0.27424706045789954,5.7719999999998075,False
ppo_calf-push-50-270-102,ppo_calf,RR_hip,5.407981705053936,0.013005048173378738,5.7719999999998075,False
ppo_calf-push-50-270-102,ppo_calf,RR_thigh,19.034422890304867,0.04577374705419957,5.7719999999998075,False
ppo_calf-push-50-270-102,ppo_calf,RR_calf,66.72704072809191,0.16046437034446026,5.7719999999998075,False
ppo_calf-push-50-270-102,ppo_calf,RL_hip,2.0763313988416274,0.004993136319340585,5.7719999999998075,False
ppo_calf-push-50-270-102,ppo_calf,RL_thigh,19.268388817705254,0.046336385451058004,5.7719999999998075,False
ppo_calf-push-50-270-102,ppo_calf,RL_calf,70.04198948179307,0.1684361185095616,5.7719999999998075,False
ppo_calf-push-100-90-100,ppo_calf,FR_hip,2.7803859991965463,0.00735002835464813,5.447999999999843,False
ppo_calf-push-100-90-100,ppo_calf,FR_thigh,17.018346870618515,0.044988477169871206,5.447999999999843,False
ppo_calf-push-100-90-100,ppo_calf,FR_calf,64.11504701750833,0.16948992466314444,5.447999999999843,False
ppo_calf-push-100-90-100,ppo_calf,FL_hip,3.579349229853275,0.00946211005889538,5.447999999999843,False
ppo_calf-push-100-90-100,ppo_calf,FL_thigh,9.997752787364949,0.026429339843866823,5.447999999999843,False
ppo_calf-push-100-90-100,ppo_calf,FL_calf,113.4838643201733,0.2999977775709377,5.447999999999843,False
ppo_calf-push-100-90-100,ppo_calf,RR_hip,1.5089207408534822,0.003988874290618149,5.447999999999843,False
ppo_calf-push-100-90-100,ppo_calf,RR_thigh,15.322491015605085,0.040505434663058594,5.447999999999843,False
ppo_calf-push-100-90-100,ppo_calf,RR_calf,61.49205424126326,0.16255596970688674,5.447999999999843,False
ppo_calf-push-100-90-100,ppo_calf,RL_hip,2.2801576101209378,0.006027660581048299,5.447999999999843,False
ppo_calf-push-100-90-100,ppo_calf,RL_thigh,18.366200625446982,0.04855156636639678,5.447999999999843,False
ppo_calf-push-100-90-100,ppo_calf,RL_calf,68.33777962820172,0.1806528367306281,5.447999999999843,False
ppo_calf-push-100-90-101,ppo_calf,FR_hip,2.410760060627002,0.006388693984408079,5.451999999999843,False
ppo_calf-push-100-90-101,ppo_calf,FR_thigh,16.877537381513918,0.04472673299260512,5.451999999999843,False
ppo_calf-push-100-90-101,ppo_calf,FR_calf,64.80576626228155,0.17174011459569014,5.451999999999843,False
ppo_calf-push-100-90-101,ppo_calf,FL_hip,3.478245691456392,0.009217610532141183,5.451999999999843,False
ppo_calf-push-100-90-101,ppo_calf,FL_thigh,9.729626856404773,0.025784236923139373,5.451999999999843,False
ppo_calf-push-100-90-101,ppo_calf,FL_calf,113.27417163188682,0.3001850041871139,5.451999999999843,False
ppo_calf-push-100-90-101,ppo_calf,RR_hip,1.4817364661432473,0.003926712161170197,5.451999999999843,False
ppo_calf-push-100-90-101,ppo_calf,RR_thigh,15.156850036166121,0.040166783177685975,5.451999999999843,False
ppo_calf-push-100-90-101,ppo_calf,RR_calf,60.875457247887184,0.16132450253739367,5.451999999999843,False
ppo_calf-push-100-90-101,ppo_calf,RL_hip,2.2500520885825903,0.0059628058709392,5.451999999999843,False
ppo_calf-push-100-90-101,ppo_calf,RL_thigh,18.77205054664284,0.04974733419598375,5.451999999999843,False
ppo_calf-push-100-90-101,ppo_calf,RL_calf,68.23561471749319,0.1808294688417294,5.451999999999843,False
ppo_calf-push-100-90-102,ppo_calf,FR_hip,2.4906908235825806,0.006573739647902983,5.443999999999844,False
ppo_calf-push-100-90-102,ppo_calf,FR_thigh,16.99536946243632,0.04485628364956032,5.443999999999844,False
ppo_calf-push-100-90-102,ppo_calf,FR_calf,65.47534118948673,0.17281062838549996,5.443999999999844,False
ppo_calf-push-100-90-102,ppo_calf,FL_hip,3.817427932198659,0.010075428516980919,5.443999999999844,False
ppo_calf-push-100-90-102,ppo_calf,FL_thigh,9.776422365903201,0.025803144538406222,5.443999999999844,False
ppo_calf-push-100-90-102,ppo_calf,FL_calf,113.37271835782072,0.29922731741844155,5.443999999999844,False
ppo_calf-push-100-90-102,ppo_calf,RR_hip,1.571117720580272,0.00414668844222329,5.443999999999844,False
ppo_calf-push-100-90-102,ppo_calf,RR_thigh,15.195804185980885,0.04010664812883815,5.443999999999844,False
ppo_calf-push-100-90-102,ppo_calf,RR_calf,61.410196858331275,0.16208139607326688,5.443999999999844,False
ppo_calf-push-100-90-102,ppo_calf,RL_hip,2.420867376690678,0.006389452960514652,5.443999999999844,False
ppo_calf-push-100-90-102,ppo_calf,RL_thigh,18.04093206364798,0.047615861940399025,5.443999999999844,False
ppo_calf-push-100-90-102,ppo_calf,RL_calf,68.31803211757706,0.1803134102979664,5.443999999999844,False
ppo_calf-push-100-270-100,ppo_calf,FR_hip,2.91648388725172,0.007805890164649942,5.423999999999846,False
ppo_calf-push-100-270-100,ppo_calf,FR_thigh,18.254024377526353,0.04885640204516416,5.423999999999846,False
ppo_calf-push-100-270-100,ppo_calf,FR_calf,62.52035871388407,0.16733404744950428,5.423999999999846,False
ppo_calf-push-100-270-100,ppo_calf,FL_hip,2.374922202812228,0.0063564149782462725,5.423999999999846,False
ppo_calf-push-100-270-100,ppo_calf,FL_thigh,9.758470998468784,0.026118283430925975,5.423999999999846,False
ppo_calf-push-100-270-100,ppo_calf,FL_calf,111.61547090206679,0.2987357860420839,5.423999999999846,False
ppo_calf-push-100-270-100,ppo_calf,RR_hip,2.180798985707998,0.005836849443271888,5.423999999999846,False
ppo_calf-push-100-270-100,ppo_calf,RR_thigh,18.768219224079314,0.05023263063088204,5.423999999999846,False
ppo_calf-push-100-270-100,ppo_calf,RR_calf,59.512757040993,0.15928428299847275,5.423999999999846,False
ppo_calf-push-100-270-100,ppo_calf,RL_hip,1.2527230004874532,0.0033528791951428975,5.423999999999846,False
ppo_calf-push-100-270-100,ppo_calf,RL_thigh,17.541316571002547,0.04694885889653532,5.423999999999846,False
ppo_calf-push-100-270-100,ppo_calf,RL_calf,66.93050131573112,0.17913767472512115,5.423999999999846,False
ppo_calf-push-100-270-101,ppo_calf,FR_hip,2.581556360298955,0.006934545352799134,5.427999999999845,False
ppo_calf-push-100-270-101,ppo_calf,FR_thigh,18.969217154544307,0.05095488081850346,5.427999999999845,False
ppo_calf-push-100-270-101,ppo_calf,FR_calf,62.80010851306924,0.16869288904238916,5.427999999999845,False
ppo_calf-push-100-270-101,ppo_calf,FL_hip,1.9401568697653946,0.005211625828449815,5.427999999999845,False
ppo_calf-push-100-270-101,ppo_calf,FL_thigh,9.755290210225374,0.026204542125391084,5.427999999999845,False
ppo_calf-push-100-270-101,ppo_calf,FL_calf,110.9262042471345,0.29796862311250677,5.427999999999845,False
ppo_calf-push-100-270-101,ppo_calf,RR_hip,1.9936031239718637,0.0053551925076173665,5.427999999999845,False
ppo_calf-push-100-270-101,ppo_calf,RR_thigh,17.98759221414826,0.04831805182135275,5.427999999999845,False
ppo_calf-push-100-270-101,ppo_calf,RR_calf,59.65117494585554,0.1602342619248056,5.427999999999845,False
ppo_calf-push-100-270-101,ppo_calf,RL_hip,1.0725139028047184,0.0028809738245054776,5.427999999999845,False
ppo_calf-push-100-270-101,ppo_calf,RL_thigh,17.618322033940707,0.04732612274652556,5.427999999999845,False
ppo_calf-push-100-270-101,ppo_calf,RL_calf,66.97904254199132,0.1799182908951536,5.427999999999845,False
ppo_calf-push-100-270-102,ppo_calf,FR_hip,3.0168469102547744,0.008144989380241607,5.411999999999847,False
ppo_calf-push-100-270-102,ppo_calf,FR_thigh,17.52925203414101,0.047326091084151055,5.411999999999847,False
ppo_calf-push-100-270-102,ppo_calf,FR_calf,62.55991165330496,0.16890144949449568,5.411999999999847,False
ppo_calf-push-100-270-102,ppo_calf,FL_hip,2.0439583225172746,0.0055183505579849655,5.411999999999847,False
ppo_calf-push-100-270-102,ppo_calf,FL_thigh,9.823509410370225,0.026521856164525064,5.411999999999847,False
ppo_calf-push-100-270-102,ppo_calf,FL_calf,110.74412416852407,0.29899088091301634,5.411999999999847,False
ppo_calf-push-100-270-102,ppo_calf,RR_hip,2.257920904746788,0.006096014261802567,5.411999999999847,False
ppo_calf-push-100-270-102,ppo_calf,RR_thigh,18.6049026200417,0.050230170362828105,5.411999999999847,False
ppo_calf-push-100-270-102,ppo_calf,RR_calf,59.04786649224947,0.15941950646235484,5.411999999999847,False
ppo_calf-push-100-270-102,ppo_calf,RL_hip,1.161027801842474,0.0031345836886942325,5.411999999999847,False
ppo_calf-push-100-270-102,ppo_calf,RL_thigh,17.043052988932246,0.0460134338039795,5.411999999999847,False
ppo_calf-push-100-270-102,ppo_calf,RL_calf,66.56060934976763,0.17970267382592642,5.411999999999847,False
ppo_calf-push-150-90-100,ppo_calf,FR_hip,5.216220950763329,0.013512615745409328,5.351999999999854,False
ppo_calf-push-150-90-100,ppo_calf,FR_thigh,18.848797368918788,0.048827792862572335,5.351999999999854,False
ppo_calf-push-150-90-100,ppo_calf,FR_calf,63.69220526872738,0.16499460124443222,5.351999999999854,False
ppo_calf-push-150-90-100,ppo_calf,FL_hip,4.728467746724395,0.01224909150305417,5.351999999999854,False
ppo_calf-push-150-90-100,ppo_calf,FL_thigh,10.094999991333422,0.0261510885218229,5.351999999999854,False
ppo_calf-push-150-90-100,ppo_calf,FL_calf,113.67172776063013,0.2944665099206349,5.351999999999854,False
ppo_calf-push-150-90-100,ppo_calf,RR_hip,1.9429032237943313,0.0050330890776028045,5.351999999999854,False
ppo_calf-push-150-90-100,ppo_calf,RR_thigh,15.77684903609314,0.04086991343165035,5.351999999999854,False
ppo_calf-push-150-90-100,ppo_calf,RR_calf,62.428584658152474,0.16172119317375233,5.351999999999854,False
ppo_calf-push-150-90-100,ppo_calf,RL_hip,3.0876643671748663,0.007998591803961232,5.351999999999854,False
ppo_calf-push-150-90-100,ppo_calf,RL_thigh,18.176644926488603,0.04708658255675345,5.351999999999854,False
ppo_calf-push-150-90-100,ppo_calf,RL_calf,68.36093063284908,0.17708893015835422,5.351999999999854,False
ppo_calf-push-150-90-101,ppo_calf,FR_hip,3.369078564902367,0.00881665925771118,5.355999999999853,False
ppo_calf-push-150-90-101,ppo_calf,FR_thigh,18.04593283479992,0.04722503133333241,5.355999999999853,False
ppo_calf-push-150-90-101,ppo_calf,FR_calf,63.72532294583231,0.16676502125954099,5.355999999999853,False
ppo_calf-push-150-90-101,ppo_calf,FL_hip,4.828733344354244,0.012636480783508605,5.355999999999853,False
ppo_calf-push-150-90-101,ppo_calf,FL_thigh,9.960887829443722,0.02606699493783773,5.355999999999853,False
ppo_calf-push-150-90-101,ppo_calf,FL_calf,113.45917057408982,0.2969152625395275,5.355999999999853,False
ppo_calf-push-150-90-101,ppo_calf,RR_hip,2.1667548463506323,0.005670256364538495,5.355999999999853,False
ppo_calf-push-150-90-101,ppo_calf,RR_thigh,15.692255404986364,0.041065610737620384,5.355999999999853,False
ppo_calf-push-150-90-101,ppo_calf,RR_calf,61.54353117429127,0.1610554142407706,5.355999999999853,False
ppo_calf-push-150-90-101,ppo_calf,RL_hip,2.8248500374766574,0.007392448633885179,5.355999999999853,False
ppo_calf-push-150-90-101,ppo_calf,RL_thigh,18.333354590857233,0.047977195356103945,5.355999999999853,False
ppo_calf-push-150-90-101,ppo_calf,RL_calf,68.1765621883556,0.1784136245556228,5.355999999999853,False
ppo_calf-push-150-90-102,ppo_calf,FR_hip,3.8644643666479537,0.010150845940908903,5.351999999999854,False
ppo_calf-push-150-90-102,ppo_calf,FR_thigh,18.19750043520681,0.04779964463422745,5.351999999999854,False
ppo_calf-push-150-90-102,ppo_calf,FR_calf,64.3326181716286,0.16898344351974418,5.351999999999854,False
ppo_calf-push-150-90-102,ppo_calf,FL_hip,4.472971485729853,0.011749220627205854,5.351999999999854,False
ppo_calf-push-150-90-102,ppo_calf,FL_thigh,9.874833565828594,0.02593837197308376,5.351999999999854,False
ppo_calf-push-150-90-102,ppo_calf,FL_calf,112.26694662926727,0.2948932559257701,5.351999999999854,False
ppo_calf-push-150-90-102,ppo_calf,RR_hip,2.0940479589171885,0.00550046687124222,5.351999999999854,False
ppo_calf-push-150-90-102,ppo_calf,RR_thigh,16.79434278913526,0.0441139496077689,5.351999999999854,False
ppo_calf-push-150-90-102,ppo_calf,RR_calf,60.76966691937767,0.15962458655402736,5.351999999999854,False
ppo_calf-push-150-90-102,ppo_calf,RL_hip,2.525808740716825,0.006634579328637212,5.351999999999854,False
ppo_calf-push-150-90-102,ppo_calf,RL_thigh,17.36029513798879,0.0456005450471495,5.351999999999854,False
ppo_calf-push-150-90-102,ppo_calf,RL_calf,68.15018003936352,0.17901108997023502,5.351999999999854,False
ppo_calf-push-150-270-100,ppo_calf,FR_hip,4.308542711093294,0.011612428715318908,5.319999999999857,False
ppo_calf-push-150-270-100,ppo_calf,FR_thigh,16.969535361403473,0.04573646658045498,5.319999999999857,False
ppo_calf-push-150-270-100,ppo_calf,FR_calf,62.22622665291983,0.16771276732845702,5.319999999999857,False
ppo_calf-push-150-270-100,ppo_calf,FL_hip,2.0336905992914036,0.005481223860791907,5.319999999999857,False
ppo_calf-push-150-270-100,ppo_calf,FL_thigh,9.983332424622656,0.02690718043104765,5.319999999999857,False
ppo_calf-push-150-270-100,ppo_calf,FL_calf,110.9652237715968,0.299074614627669,5.319999999999857,False
ppo_calf-push-150-270-100,ppo_calf,RR_hip,2.6234768282950873,0.007070821783065754,5.319999999999857,False
ppo_calf-push-150-270-100,ppo_calf,RR_thigh,19.7763652537258,0.053301463431176345,5.319999999999857,False
ppo_calf-push-150-270-100,ppo_calf,RR_calf,57.58223635461865,0.15519623681924205,5.319999999999857,False
ppo_calf-push-150-270-100,ppo_calf,RL_hip,0.9788567122627347,0.002638224698201514,5.319999999999857,False
ppo_calf-push-150-270-100,ppo_calf,RL_thigh,16.946797502963207,0.04567518327006867,5.319999999999857,False
ppo_calf-push-150-270-100,ppo_calf,RL_calf,66.63427640812523,0.17959338845450654,5.319999999999857,False
ppo_calf-push-150-270-101,ppo_calf,FR_hip,4.802154680530506,0.012878875175388708,5.311999999999858,False
ppo_calf-push-150-270-101,ppo_calf,FR_thigh,17.377514293648186,0.04660467068122512,5.311999999999858,False
ppo_calf-push-150-270-101,ppo_calf,FR_calf,62.539277940468644,0.1677237839546763,5.311999999999858,False
ppo_calf-push-150-270-101,ppo_calf,FL_hip,1.908874565448588,0.005119401370713626,5.311999999999858,False
ppo_calf-push-150-270-101,ppo_calf,FL_thigh,10.282402970129827,0.02757632628791514,5.311999999999858,False
ppo_calf-push-150-270-101,ppo_calf,FL_calf,110.16910591562643,0.2954619868918479,5.311999999999858,False
ppo_calf-push-150-270-101,ppo_calf,RR_hip,3.199444631879744,0.008580574926419206,5.311999999999858,False
ppo_calf-push-150-270-101,ppo_calf,RR_thigh,19.45141794845065,0.0521666627603792,5.311999999999858,False
ppo_calf-push-150-270-101,ppo_calf,RR_calf,58.60583511143366,0.15717470284946855,5.311999999999858,False
ppo_calf-push-150-270-101,ppo_calf,RL_hip,0.7403234296329895,0.001985469788866866,5.311999999999858,False
ppo_calf-push-150-270-101,ppo_calf,RL_thigh,17.168334105442714,0.046043671356487625,5.311999999999858,False
ppo_calf-push-150-270-101,ppo_calf,RL_calf,66.6259739278952,0.17868387395661148,5.311999999999858,False
ppo_calf-push-150-270-102,ppo_calf,FR_hip,4.72336175872187,0.012708217726512908,5.311999999999858,False
ppo_calf-push-150-270-102,ppo_calf,FR_thigh,16.97326016405872,0.04566660287988914,5.311999999999858,False
ppo_calf-push-150-270-102,ppo_calf,FR_calf,62.36225890224259,0.1677858280881113,5.311999999999858,False
ppo_calf-push-150-270-102,ppo_calf,FL_hip,1.9687557372962856,0.005296942694190934,5.311999999999858,False
ppo_calf-push-150-270-102,ppo_calf,FL_thigh,10.347342022627503,0.027839552003704523,5.311999999999858,False
ppo_calf-push-150-270-102,ppo_calf,FL_calf,110.8907719999323,0.2983519252646813,5.311999999999858,False
ppo_calf-push-150-270-102,ppo_calf,RR_hip,3.2571895850054537,0.00876347748430355,5.311999999999858,False
ppo_calf-push-150-270-102,ppo_calf,RR_thigh,19.928472390303448,0.05361760945477689,5.311999999999858,False
ppo_calf-push-150-270-102,ppo_calf,RR_calf,57.534435926866124,0.1547965571725701,5.311999999999858,False
ppo_calf-push-150-270-102,ppo_calf,RL_hip,0.8289156276131975,0.002230199762524244,5.311999999999858,False
ppo_calf-push-150-270-102,ppo_calf,RL_thigh,16.57033753710995,0.04458253845040766,5.311999999999858,False
ppo_calf-push-150-270-102,ppo_calf,RL_calf,66.29264737416308,0.17836054901832812,5.311999999999858,False
mjpc-nominal-100,mjpc,FR_hip,7.8492731160437215,0.026203616156999326,4.603999999999936,False
mjpc-nominal-100,mjpc,FR_thigh,44.76616965588612,0.14944511538072164,4.603999999999936,False
mjpc-nominal-100,mjpc,FR_calf,24.566912771088802,0.08201293838282972,4.603999999999936,False
mjpc-nominal-100,mjpc,FL_hip,7.128069795357996,0.023795987487820427,4.603999999999936,False
mjpc-nominal-100,mjpc,FL_thigh,36.36507742722383,0.12139933422304247,4.603999999999936,False
mjpc-nominal-100,mjpc,FL_calf,27.178294210001553,0.09073064202916073,4.603999999999936,False
mjpc-nominal-100,mjpc,RR_hip,7.983141716715945,0.026650516319043582,4.603999999999936,False
mjpc-nominal-100,mjpc,RR_thigh,36.819020563204326,0.12291475501634172,4.603999999999936,False
mjpc-nominal-100,mjpc,RR_calf,23.43620287977885,0.07823823370141812,4.603999999999936,False
mjpc-nominal-100,mjpc,RL_hip,5.884454775742578,0.019644366039654207,4.603999999999936,False
mjpc-nominal-100,mjpc,RL_thigh,56.39708211709302,0.18827316495720783,4.603999999999936,False
mjpc-nominal-100,mjpc,RL_calf,21.17553375770071,0.07069133030576027,4.603999999999936,False
mjpc-nominal-101,mjpc,FR_hip,26.905117433921504,0.022845791847851894,16.787999999998945,False
mjpc-nominal-101,mjpc,FR_thigh,193.45132147439844,0.16426423835355194,16.787999999998945,False
mjpc-nominal-101,mjpc,FR_calf,92.12581433461146,0.07822627733446837,16.787999999998945,False
mjpc-nominal-101,mjpc,FL_hip,26.895987099648686,0.022838039058189836,16.787999999998945,False
mjpc-nominal-101,mjpc,FL_thigh,176.17937266802858,0.14959820509031904,16.787999999998945,False
mjpc-nominal-101,mjpc,FL_calf,102.15696713113837,0.08674397398999452,16.787999999998945,False
mjpc-nominal-101,mjpc,RR_hip,27.357838489819272,0.02323020834532981,16.787999999998945,False
mjpc-nominal-101,mjpc,RR_thigh,160.45081583085891,0.1362427036154938,16.787999999998945,False
mjpc-nominal-101,mjpc,RR_calf,68.86677264729161,0.0584764573876104,16.787999999998945,False
mjpc-nominal-101,mjpc,RL_hip,24.443947578209563,0.020755952457115312,16.787999999998945,False
mjpc-nominal-101,mjpc,RL_thigh,190.1256078510615,0.1614402937500421,16.787999999998945,False
mjpc-nominal-101,mjpc,RL_calf,88.72417077627078,0.07533785877003357,16.787999999998945,False
mjpc-nominal-102,mjpc,FR_hip,49.160927169698176,0.02538751064318491,30.000000000003357,True
mjpc-nominal-102,mjpc,FR_thigh,276.4907753519096,0.1427843799153503,30.000000000003357,True
mjpc-nominal-102,mjpc,FR_calf,153.13178194415735,0.07907976858323833,30.000000000003357,True
mjpc-nominal-102,mjpc,FL_hip,43.128177229200666,0.02227209943880762,30.000000000003357,True
mjpc-nominal-102,mjpc,FL_thigh,304.73690581140124,0.1573711458482585,30.000000000003357,True
mjpc-nominal-102,mjpc,FL_calf,181.26000686084987,0.09360564615632427,30.000000000003357,True
mjpc-nominal-102,mjpc,RR_hip,50.871713606365354,0.02627098887212839,30.000000000003357,True
mjpc-nominal-102,mjpc,RR_thigh,293.3832456187383,0.1515079291520933,30.000000000003357,True
mjpc-nominal-102,mjpc,RR_calf,133.52876100825992,0.06895644643899228,30.000000000003357,True
mjpc-nominal-102,mjpc,RL_hip,41.67732530296956,0.021522855662510797,30.000000000003357,True
mjpc-nominal-102,mjpc,RL_thigh,270.7647907231032,0.13982738735895,30.000000000003357,True
mjpc-nominal-102,mjpc,RL_calf,138.28731502587783,0.07141384193016008,30.000000000003357,True
mjpc-nominal-103,mjpc,FR_hip,45.913084631270564,0.023332191057182962,30.000000000003357,True
mjpc-nominal-103,mjpc,FR_thigh,302.0817147856812,0.15351241026094217,30.000000000003357,True
mjpc-nominal-103,mjpc,FR_calf,172.40150457730587,0.08761129590068643,30.000000000003357,True
mjpc-nominal-103,mjpc,FL_hip,52.38533510465973,0.02662127053916156,30.000000000003357,True
mjpc-nominal-103,mjpc,FL_thigh,300.687071073862,0.1528036777982424,30.000000000003357,True
mjpc-nominal-103,mjpc,FL_calf,157.29325699237833,0.07993356041369487,30.000000000003357,True
mjpc-nominal-103,mjpc,RR_hip,43.01609293264617,0.02185999278633664,30.000000000003357,True
mjpc-nominal-103,mjpc,RR_thigh,278.44861838233294,0.14150250230149766,30.000000000003357,True
mjpc-nominal-103,mjpc,RR_calf,129.8173062771865,0.06597078407851537,30.000000000003357,True
mjpc-nominal-103,mjpc,RL_hip,45.94710434870456,0.02334947925624988,30.000000000003357,True
mjpc-nominal-103,mjpc,RL_thigh,296.4475465022602,0.150649228841248,30.000000000003357,True
mjpc-nominal-103,mjpc,RL_calf,143.36132448744294,0.07285360676624301,30.000000000003357,True
mjpc-nominal-104,mjpc,FR_hip,48.68558628917153,0.024222607027934457,29.58400000000322,False
mjpc-nominal-104,mjpc,FR_thigh,292.6086124140022,0.14558196730743672,29.58400000000322,False
mjpc-nominal-104,mjpc,FR_calf,154.96885057092632,0.07710186638514692,29.58400000000322,False
mjpc-nominal-104,mjpc,FL_hip,49.78605763150205,0.024770126055690407,29.58400000000322,False
mjpc-nominal-104,mjpc,FL_thigh,351.0167489889853,0.17464184821523662,29.58400000000322,False
mjpc-nominal-104,mjpc,FL_calf,161.33463269643872,0.08026904276330285,29.58400000000322,False
mjpc-nominal-104,mjpc,RR_hip,53.19460151237953,0.026465983603211188,29.58400000000322,False
mjpc-nominal-104,mjpc,RR_thigh,296.5960369819088,0.14756583616316446,29.58400000000322,False
mjpc-nominal-104,mjpc,RR_calf,118.86323325750676,0.059138188706719386,29.58400000000322,False
mjpc-nominal-104,mjpc,RL_hip,42.07279082920834,0.02093253376412693,29.58400000000322,False
mjpc-nominal-104,mjpc,RL_thigh,290.88137342274587,0.14472261170514353,29.58400000000322,False
mjpc-nominal-104,mjpc,RL_calf,149.91494206698545,0.074587388302887,29.58400000000322,False
mjpc-push-50-90-100,mjpc,FR_hip,18.13954515725958,0.02300293015421769,11.999999999999122,True
mjpc-push-50-90-100,mjpc,FR_thigh,122.7548504009707,0.15566659612382266,11.999999999999122,True
mjpc-push-50-90-100,mjpc,FR_calf,69.91172275162393,0.08865572215150244,11.999999999999122,True
mjpc-push-50-90-100,mjpc,FL_hip,18.709589131972496,0.02372580835328356,11.999999999999122,True
mjpc-push-50-90-100,mjpc,FL_thigh,99.83185401119628,0.1265977258567897,11.999999999999122,True
mjpc-push-50-90-100,mjpc,FL_calf,79.73220067674225,0.10110916383563015,11.999999999999122,True
mjpc-push-50-90-100,mjpc,RR_hip,22.980891215149466,0.02914228724705356,11.999999999999122,True
mjpc-push-50-90-100,mjpc,RR_thigh,106.30297148556349,0.13480381162091004,11.999999999999122,True
mjpc-push-50-90-100,mjpc,RR_calf,56.5028773494439,0.07165183745863796,11.999999999999122,True
mjpc-push-50-90-100,mjpc,RL_hip,18.10060859343325,0.022953554326412887,11.999999999999122,True
mjpc-push-50-90-100,mjpc,RL_thigh,113.21864089520686,0.14357363793246014,11.999999999999122,True
mjpc-push-50-90-100,mjpc,RL_calf,62.38966179603988,0.07911692493927906,11.999999999999122,True
mjpc-push-50-90-101,mjpc,FR_hip,17.16402762636922,0.02145400783414311,11.999999999999122,True
mjpc-push-50-90-101,mjpc,FR_thigh,126.92177683359749,0.15864462897554585,11.999999999999122,True
mjpc-push-50-90-101,mjpc,FR_calf,67.96904825860568,0.08495724462591292,11.999999999999122,True
mjpc-push-50-90-101,mjpc,FL_hip,19.249874278877847,0.02406119138091111,11.999999999999122,True
mjpc-push-50-90-101,mjpc,FL_thigh,114.03851460290448,0.14254132182390877,11.999999999999122,True
mjpc-push-50-90-101,mjpc,FL_calf,65.91112851850984,0.08238496804915975,11.999999999999122,True
mjpc-push-50-90-101,mjpc,RR_hip,18.51254515389587,0.023139574079421635,11.999999999999122,True
mjpc-push-50-90-101,mjpc,RR_thigh,125.3736905409769,0.15670961371148354,11.999999999999122,True
mjpc-push-50-90-101,mjpc,RR_calf,58.24959383227253,0.0728085079805701,11.999999999999122,True
mjpc-push-50-90-101,mjpc,RL_hip,20.1854639364286,0.02523062248878233,11.999999999999122,True
mjpc-push-50-90-101,mjpc,RL_thigh,118.39028366302043,0.1479807728397458,11.999999999999122,True
mjpc-push-50-90-101,mjpc,RL_calf,48.072337398653964,0.06008754621041458,11.999999999999122,True
mjpc-push-50-90-102,mjpc,FR_hip,17.493028888801973,0.02297176071968828,11.999999999999122,True
mjpc-push-50-90-102,mjpc,FR_thigh,142.0184319961826,0.18649791630367898,11.999999999999122,True
mjpc-push-50-90-102,mjpc,FR_calf,59.13226377768474,0.0776522020828546,11.999999999999122,True
mjpc-push-50-90-102,mjpc,FL_hip,20.363657133541437,0.026741455812088595,11.999999999999122,True
mjpc-push-50-90-102,mjpc,FL_thigh,128.39351254225897,0.16860573813887203,11.999999999999122,True
mjpc-push-50-90-102,mjpc,FL_calf,70.48856842152242,0.09256524627871257,11.999999999999122,True
mjpc-push-50-90-102,mjpc,RR_hip,16.08697895384324,0.02112534276250526,11.999999999999122,True
mjpc-push-50-90-102,mjpc,RR_thigh,99.90369267271865,0.13119304482256194,11.999999999999122,True
mjpc-push-50-90-102,mjpc,RR_calf,46.428903286388326,0.06097021067947858,11.999999999999122,True
mjpc-push-50-90-102,mjpc,RL_hip,16.965921072505573,0.022279565291074454,11.999999999999122,True
mjpc-push-50-90-102,mjpc,RL_thigh,89.71632380254597,0.11781504141695302,11.999999999999122,True
mjpc-push-50-90-102,mjpc,RL_calf,54.51015838462566,0.07158247569153178,11.999999999999122,True
mjpc-push-50-270-100,mjpc,FR_hip,20.5107387868341,0.02655269062986464,11.999999999999122,True
mjpc-push-50-270-100,mjpc,FR_thigh,115.08503791648987,0.14898621837475376,11.999999999999122,True
mjpc-push-50-270-100,mjpc,FR_calf,66.89946261979289,0.08660637496820958,11.999999999999122,True
mjpc-push-50-270-100,mjpc,FL_hip,16.166088312240273,0.02092821453732936,11.999999999999122,True
mjpc-push-50-270-100,mjpc,FL_thigh,126.16332215435077,0.16332788871314485,11.999999999999122,True
mjpc-push-50-270-100,mjpc,FL_calf,55.10428740161172,0.07133663545524525,11.999999999999122,True
mjpc-push-50-270-100,mjpc,RR_hip,15.230414385606673,0.019716914419740203,11.999999999999122,True
mjpc-push-50-270-100,mjpc,RR_thigh,111.92864089221429,0.14490002554856393,11.999999999999122,True
mjpc-push-50-270-100,mjpc,RR_calf,54.97292249922675,0.07116657373056036,11.999999999999122,True
mjpc-push-50-270-100,mjpc,RL_hip,16.547281527924607,0.021421697762456605,11.999999999999122,True
mjpc-push-50-270-100,mjpc,RL_thigh,124.3798553424489,0.1610190570812263,11.999999999999122,True
mjpc-push-50-270-100,mjpc,RL_calf,49.46620045330462,0.06403770877890472,11.999999999999122,True
mjpc-push-50-270-101,mjpc,FR_hip,14.846942507914745,0.022810361271992968,9.603999999999386,False
mjpc-push-50-270-101,mjpc,FR_thigh,85.54635775839272,0.13143065145782415,9.603999999999386,False
mjpc-push-50-270-101,mjpc,FR_calf,62.573109409291106,0.09613529726925164,9.603999999999386,False
mjpc-push-50-270-101,mjpc,FL_hip,16.7821810975108,0.0257835991189541,9.603999999999386,False
mjpc-push-50-270-101,mjpc,FL_thigh,87.32650850951178,0.13416561737622715,9.603999999999386,False
mjpc-push-50-270-101,mjpc,FL_calf,60.48164371509893,0.09292203716219116,9.603999999999386,False
mjpc-push-50-270-101,mjpc,RR_hip,17.267860905874876,0.02652978183538821,9.603999999999386,False
mjpc-push-50-270-101,mjpc,RR_thigh,108.79701110180459,0.16715220168881406,9.603999999999386,False
mjpc-push-50-270-101,mjpc,RR_calf,38.51236583785443,0.059169150667372154,9.603999999999386,False
mjpc-push-50-270-101,mjpc,RL_hip,16.079134852066943,0.024703461653550456,9.603999999999386,False
mjpc-push-50-270-101,mjpc,RL_thigh,93.03043343996941,0.14292894277219378,9.603999999999386,False
mjpc-push-50-270-101,mjpc,RL_calf,49.6423500785963,0.07626889772624103,9.603999999999386,False
mjpc-push-50-270-102,mjpc,FR_hip,20.581982579047757,0.025667347179012437,11.595999999999167,False
mjpc-push-50-270-102,mjpc,FR_thigh,131.05272296640027,0.16343302819417507,11.595999999999167,False
mjpc-push-50-270-102,mjpc,FR_calf,65.59936413192436,0.08180755412797842,11.595999999999167,False
mjpc-push-50-270-102,mjpc,FL_hip,17.80258665481316,0.02220122238460684,11.595999999999167,False
mjpc-push-50-270-102,mjpc,FL_thigh,104.88808389966727,0.13080367034878237,11.595999999999167,False
mjpc-push-50-270-102,mjpc,FL_calf,83.537771413856,0.10417815549135626,11.595999999999167,False
mjpc-push-50-270-102,mjpc,RR_hip,16.530827615688636,0.020615239078096495,11.595999999999167,False
mjpc-push-50-270-102,mjpc,RR_thigh,107.11726378057135,0.13358363256611905,11.595999999999167,False
mjpc-push-50-270-102,mjpc,RR_calf,60.72263933992972,0.07572589567491725,11.595999999999167,False
mjpc-push-50-270-102,mjpc,RL_hip,18.12169010291986,0.022599169421881688,11.595999999999167,False
mjpc-push-50-270-102,mjpc,RL_thigh,122.33888303945434,0.15256618610020956,11.595999999999167,False
mjpc-push-50-270-102,mjpc,RL_calf,53.58034916841292,0.06681889943286468,11.595999999999167,False
mjpc-push-100-90-100,mjpc,FR_hip,10.272466654985461,0.028951179503222926,5.267999999999863,False
mjpc-push-100-90-100,mjpc,FR_thigh,58.320267463757276,0.16436563765332546,5.267999999999863,False
mjpc-push-100-90-100,mjpc,FR_calf,28.62326962522903,0.08066975972971187,5.267999999999863,False
mjpc-push-100-90-100,mjpc,FL_hip,9.704681055006569,0.027350973498528205,5.267999999999863,False
mjpc-push-100-90-100,mjpc,FL_thigh,44.84351187273336,0.1263837212021838,5.267999999999863,False
mjpc-push-100-90-100,mjpc,FL_calf,30.66201264299046,0.08641560608293491,5.267999999999863,False
mjpc-push-100-90-100,mjpc,RR_hip,7.991801533008618,0.022523517331056467,5.267999999999863,False
mjpc-push-100-90-100,mjpc,RR_thigh,58.55596109767368,0.16502989960057346,5.267999999999863,False
mjpc-push-100-90-100,mjpc,RR_calf,22.60340062213755,0.063703794889144,5.267999999999863,False
mjpc-push-100-90-100,mjpc,RL_hip,8.652714630164523,0.024386187160459646,5.267999999999863,False
mjpc-push-100-90-100,mjpc,RL_thigh,49.080643219230666,0.13832534674463728,5.267999999999863,False
mjpc-push-100-90-100,mjpc,RL_calf,25.50958541311316,0.0718943766042219,5.267999999999863,False
mjpc-push-100-90-101,mjpc,FR_hip,7.646571429210312,0.022915475438632663,5.191999999999871,False
mjpc-push-100-90-101,mjpc,FR_thigh,62.73747559727494,0.1880135554137682,5.191999999999871,False
mjpc-push-100-90-101,mjpc,FR_calf,27.82551204777574,0.08338833211737001,5.191999999999871,False
mjpc-push-100-90-101,mjpc,FL_hip,6.73932474844126,0.020196611275469897,5.191999999999871,False
mjpc-push-100-90-101,mjpc,FL_thigh,56.66997201664152,0.16983027803736375,5.191999999999871,False
mjpc-push-100-90-101,mjpc,FL_calf,29.909774768605086,0.08963451338030436,5.191999999999871,False
mjpc-push-100-90-101,mjpc,RR_hip,8.121918476735866,0.024340009779708363,5.191999999999871,False
mjpc-push-100-90-101,mjpc,RR_thigh,37.52122315587919,0.11244473102957739,5.191999999999871,False
mjpc-push-100-90-101,mjpc,RR_calf,16.78323784699595,0.05029651239435088,5.191999999999871,False
mjpc-push-100-90-101,mjpc,RL_hip,6.949506388569689,0.020826489941562727,5.191999999999871,False
mjpc-push-100-90-101,mjpc,RL_thigh,47.23326973410992,0.1415500845703978,5.191999999999871,False
mjpc-push-100-90-101,mjpc,RL_calf,25.548130527020717,0.0765634066214936,5.191999999999871,False
mjpc-push-100-90-102,mjpc,FR_hip,8.922124193356339,0.024706981923076438,5.187999999999872,False
mjpc-push-100-90-102,mjpc,FR_thigh,64.40562165433603,0.17835086078975265,5.187999999999872,False
mjpc-push-100-90-102,mjpc,FR_calf,30.092561525826284,0.08333176691166028,5.187999999999872,False
mjpc-push-100-90-102,mjpc,FL_hip,8.876896411809955,0.024581737983755413,5.187999999999872,False
mjpc-push-100-90-102,mjpc,FL_thigh,49.43888761960508,0.1369052566679292,5.187999999999872,False
mjpc-push-100-90-102,mjpc,FL_calf,28.33097609066329,0.07845361698241635,5.187999999999872,False
mjpc-push-100-90-102,mjpc,RR_hip,9.999651969367497,0.027690851986591606,5.187999999999872,False
mjpc-push-100-90-102,mjpc,RR_thigh,50.26168465417868,0.13918373105575582,5.187999999999872,False
mjpc-push-100-90-102,mjpc,RR_calf,16.80816446237228,0.04654485933306733,5.187999999999872,False
mjpc-push-100-90-102,mjpc,RL_hip,9.429483592337686,0.026111952222466487,5.187999999999872,False
mjpc-push-100-90-102,mjpc,RL_thigh,57.08397000408464,0.15807587794379271,5.187999999999872,False
mjpc-push-100-90-102,mjpc,RL_calf,27.46750407981359,0.07606250619973617,5.187999999999872,False
mjpc-push-100-270-100,mjpc,FR_hip,10.732280331451125,0.02659573786284245,5.519999999999835,False
mjpc-push-100-270-100,mjpc,FR_thigh,62.667875657424524,0.1552976946121861,5.519999999999835,False
mjpc-push-100-270-100,mjpc,FR_calf,43.04872736067387,0.10667934799077791,5.519999999999835,False
mjpc-push-100-270-100,mjpc,FL_hip,10.658602149821675,0.02641315545311119,5.519999999999835,False
mjpc-push-100-270-100,mjpc,FL_thigh,57.47719128214306,0.14243462388441355,5.519999999999835,False
mjpc-push-100-270-100,mjpc,FL_calf,22.93619411369359,0.05683834072349331,5.519999999999835,False
mjpc-push-100-270-100,mjpc,RR_hip,9.041476624260511,0.022405745541994867,5.519999999999835,False
mjpc-push-100-270-100,mjpc,RR_thigh,65.05356182440518,0.16120967994619645,5.519999999999835,False
mjpc-push-100-270-100,mjpc,RR_calf,23.856425370109523,0.05911877214281714,5.519999999999835,False
mjpc-push-100-270-100,mjpc,RL_hip,10.449223282069712,0.025894292237767184,5.519999999999835,False
mjpc-push-100-270-100,mjpc,RL_thigh,61.44868216494861,0.1522764028150505,5.519999999999835,False
mjpc-push-100-270-100,mjpc,RL_calf,26.163603750336613,0.06483620678934957,5.519999999999835,False
mjpc-push-100-270-101,mjpc,FR_hip,19.712868021459375,0.022199803983680412,11.999999999999122,True
mjpc-push-100-270-101,mjpc,FR_thigh,129.95175278039605,0.1463462057332292,11.999999999999122,True
mjpc-push-100-270-101,mjpc,FR_calf,94.14093656599232,0.1060175686424751,11.999999999999122,True
mjpc-push-100-270-101,mjpc,FL_hip,26.643826052846045,0.030005157803753756,11.999999999999122,True
mjpc-push-100-270-101,mjpc,FL_thigh,149.50964397434873,0.1683714813231256,11.999999999999122,True
mjpc-push-100-270-101,mjpc,FL_calf,74.34759625210594,0.08372714014306962,11.999999999999122,True
mjpc-push-100-270-101,mjpc,RR_hip,22.98914587252444,0.0258894104889612,11.999999999999122,True
mjpc-push-100-270-101,mjpc,RR_thigh,110.55578504805538,0.12450328154467288,11.999999999999122,True
mjpc-push-100-270-101,mjpc,RR_calf,53.55026811584371,0.06030606272771324,11.999999999999122,True
mjpc-push-100-270-101,mjpc,RL_hip,18.956466890801916,0.02134797680077886,11.999999999999122,True
mjpc-push-100-270-101,mjpc,RL_thigh,128.27773701130494,0.14446099948627633,11.999999999999122,True
mjpc-push-100-270-101,mjpc,RL_calf,59.338841838869534,0.06682491132226406,11.999999999999122,True
mjpc-push-100-270-102,mjpc,FR_hip,9.479340295179018,0.020407751959142743,5.675999999999818,False
mjpc-push-100-270-102,mjpc,FR_thigh,73.26787503609967,0.1577359366527469,5.675999999999818,False
mjpc-push-100-270-102,mjpc,FR_calf,57.51204402487544,0.12381573955308568,5.675999999999818,False
mjpc-push-100-270-102,mjpc,FL_hip,16.210112124924166,0.03489820358528413,5.675999999999818,False
mjpc-push-100-270-102,mjpc,FL_thigh,56.97513105588197,0.12265983773358476,5.675999999999818,False
mjpc-push-100-270-102,mjpc,FL_calf,40.30261788562468,0.08676614653577068,5.675999999999818,False
mjpc-push-100-270-102,mjpc,RR_hip,15.234121045745153,0.03279702531359036,5.675999999999818,False
mjpc-push-100-270-102,mjpc,RR_thigh,59.9770543323677,0.1291225770929951,5.675999999999818,False
mjpc-push-100-270-102,mjpc,RR_calf,26.351580079039618,0.05673142784609483,5.675999999999818,False
mjpc-push-100-270-102,mjpc,RL_hip,13.011830289604806,0.02801273050823634,5.675999999999818,False
mjpc-push-100-270-102,mjpc,RL_thigh,72.7668601616462,0.1566573186300468,5.675999999999818,False
mjpc-push-100-270-102,mjpc,RL_calf,23.408469606977217,0.05039530458942143,5.675999999999818,False
mjpc-push-150-90-100,mjpc,FR_hip,6.182862066100705,0.016568936421618465,5.179999999999873,False
mjpc-push-150-90-100,mjpc,FR_thigh,68.37093175762965,0.18322155811789204,5.179999999999873,False
mjpc-push-150-90-100,mjpc,FR_calf,28.604152722658064,0.07665388339398653,5.179999999999873,False
mjpc-push-150-90-100,mjpc,FL_hip,7.759516127124356,0.02079408015225687,5.179999999999873,False
mjpc-push-150-90-100,mjpc,FL_thigh,51.976166475030084,0.13928659390380838,5.179999999999873,False
mjpc-push-150-90-100,mjpc,FL_calf,28.32125752264582,0.07589577613995556,5.179999999999873,False
mjpc-push-150-90-100,mjpc,RR_hip,7.674873702488542,0.020567253977360995,5.179999999999873,False
mjpc-push-150-90-100,mjpc,RR_thigh,62.646605998081895,0.16788141490386183,5.179999999999873,False
mjpc-push-150-90-100,mjpc,RR_calf,23.36491870187914,0.06261369707570866,5.179999999999873,False
mjpc-push-150-90-100,mjpc,RL_hip,7.471508181801483,0.020022271678453225,5.179999999999873,False
mjpc-push-150-90-100,mjpc,RL_thigh,53.852104192791494,0.1443137629469158,5.179999999999873,False
mjpc-push-150-90-100,mjpc,RL_calf,26.9349668164153,0.07218077128818147,5.179999999999873,False
mjpc-push-150-90-101,mjpc,FR_hip,8.717531057613991,0.02405917394787294,5.183999999999872,False
mjpc-push-150-90-101,mjpc,FR_thigh,56.94849838425745,0.15716993947504443,5.183999999999872,False
mjpc-push-150-90-101,mjpc,FR_calf,28.757152050359082,0.0793657423016268,5.183999999999872,False
mjpc-push-150-90-101,mjpc,FL_hip,7.691573553519337,0.0212276738487044,5.183999999999872,False
mjpc-push-150-90-101,mjpc,FL_thigh,62.449697763787654,0.17235248507417344,5.183999999999872,False
mjpc-push-150-90-101,mjpc,FL_calf,29.498544348779525,0.08141188198881856,5.183999999999872,False
mjpc-push-150-90-101,mjpc,RR_hip,8.25414632970484,0.022780296511145406,5.183999999999872,False
mjpc-push-150-90-101,mjpc,RR_thigh,59.285687579653995,0.16362025677583822,5.183999999999872,False
mjpc-push-150-90-101,mjpc,RR_calf,20.636803838527953,0.05695470999734763,5.183999999999872,False
mjpc-push-150-90-101,mjpc,RL_hip,8.160350024939438,0.022521431748048576,5.183999999999872,False
mjpc-push-150-90-101,mjpc,RL_thigh,47.11650740951467,0.13003501107021262,5.183999999999872,False
mjpc-push-150-90-101,mjpc,RL_calf,24.82059689197993,0.06850139726116726,5.183999999999872,False
mjpc-push-150-90-102,mjpc,FR_hip,19.61668140508788,0.024078953604735425,11.999999999999122,True
mjpc-push-150-90-102,mjpc,FR_thigh,122.17405613666793,0.14996539774837564,11.999999999999122,True
mjpc-push-150-90-102,mjpc,FR_calf,59.88520423126886,0.07350749214496755,11.999999999999122,True
mjpc-push-150-90-102,mjpc,FL_hip,18.93703164098122,0.02324470163318895,11.999999999999122,True
mjpc-push-150-90-102,mjpc,FL_thigh,125.43214531680839,0.1539646153830335,11.999999999999122,True
mjpc-push-150-90-102,mjpc,FL_calf,79.00157215360478,0.0969723242838834,11.999999999999122,True
mjpc-push-150-90-102,mjpc,RR_hip,21.941373599048884,0.026932451315574493,11.999999999999122,True
mjpc-push-150-90-102,mjpc,RR_thigh,117.19941285991455,0.14385915570939417,11.999999999999122,True
mjpc-push-150-90-102,mjpc,RR_calf,50.94952593591769,0.06253918518939877,11.999999999999122,True
mjpc-push-150-90-102,mjpc,RL_hip,20.159349613666038,0.024745064367676664,11.999999999999122,True
mjpc-push-150-90-102,mjpc,RL_thigh,127.41956018212551,0.15640411416201253,11.999999999999122,True
mjpc-push-150-90-102,mjpc,RL_calf,51.965726629966774,0.06378654445775908,11.999999999999122,True
mjpc-push-150-270-100,mjpc,FR_hip,10.914835545049412,0.02621688762651556,5.5999999999998264,False
mjpc-push-150-270-100,mjpc,FR_thigh,71.06608391918945,0.1706971697810844,5.5999999999998264,False
mjpc-push-150-270-100,mjpc,FR_calf,43.56586717648299,0.10464302823468576,5.5999999999998264,False
mjpc-push-150-270-100,mjpc,FL_hip,10.392573377939367,0.024962440091306038,5.5999999999998264,False
mjpc-push-150-270-100,mjpc,FL_thigh,65.26650755711701,0.15676687819416146,5.5999999999998264,False
mjpc-push-150-270-100,mjpc,FL_calf,31.738430858344753,0.07623411931593985,5.5999999999998264,False
mjpc-push-150-270-100,mjpc,RR_hip,9.915892227629312,0.023817475872671964,5.5999999999998264,False
mjpc-push-150-270-100,mjpc,RR_thigh,55.53715277842761,0.13339745591943974,5.5999999999998264,False
mjpc-push-150-270-100,mjpc,RR_calf,28.73766903639448,0.06902643990058753,5.5999999999998264,False
mjpc-push-150-270-100,mjpc,RL_hip,11.05285529044857,0.02654840413360679,5.5999999999998264,False
mjpc-push-150-270-100,mjpc,RL_thigh,52.75967640554237,0.1267260969555146,5.5999999999998264,False
mjpc-push-150-270-100,mjpc,RL_calf,25.380881250833635,0.060963603974486524,5.5999999999998264,False
mjpc-push-150-270-101,mjpc,FR_hip,3.8603259000587298,0.03714201795893258,1.8680000000000014,False
mjpc-push-150-270-101,mjpc,FR_thigh,9.530749739952403,0.0916998427511052,1.8680000000000014,False
mjpc-push-150-270-101,mjpc,FR_calf,8.516136689041822,0.08193777158563317,1.8680000000000014,False
mjpc-push-150-270-101,mjpc,FL_hip,2.528931438009496,0.024332043283192457,1.8680000000000014,False
mjpc-push-150-270-101,mjpc,FL_thigh,22.08023078083153,0.21244432450289855,1.8680000000000014,False
mjpc-push-150-270-101,mjpc,FL_calf,6.489661599156427,0.062440098039286275,1.8680000000000014,False
mjpc-push-150-270-101,mjpc,RR_hip,2.4805934155888685,0.02386696034892027,1.8680000000000014,False
mjpc-push-150-270-101,mjpc,RR_thigh,14.925247902714178,0.14360285633803535,1.8680000000000014,False
mjpc-push-150-270-101,mjpc,RR_calf,7.633479048698856,0.0734453057218809,1.8680000000000014,False
mjpc-push-150-270-101,mjpc,RL_hip,3.4967993035450307,0.03364435695159223,1.8680000000000014,False
mjpc-push-150-270-101,mjpc,RL_thigh,15.770708666740155,0.1517374334939558,1.8680000000000014,False
mjpc-push-150-270-101,mjpc,RL_calf,6.621334899418086,0.06370698902456709,1.8680000000000014,False
mjpc-push-150-270-102,mjpc,FR_hip,9.312868096733801,0.024726389076891998,5.323999999999857,False
mjpc-push-150-270-102,mjpc,FR_thigh,77.26228352971813,0.2051373716111124,5.323999999999857,False
mjpc-push-150-270-102,mjpc,FR_calf,32.72187530721863,0.08687912378524906,5.323999999999857,False
mjpc-push-150-270-102,mjpc,FL_hip,7.473804911659514,0.019843533292959716,5.323999999999857,False
mjpc-push-150-270-102,mjpc,FL_thigh,43.859926605319934,0.11645151620985819,5.323999999999857,False
mjpc-push-150-270-102,mjpc,FL_calf,32.42545521713813,0.08609210539291207,5.323999999999857,False
mjpc-push-150-270-102,mjpc,RR_hip,10.369154302021887,0.027530911101387022,5.323999999999857,False
mjpc-push-150-270-102,mjpc,RR_thigh,57.50904829760231,0.15269099582190016,5.323999999999857,False
mjpc-push-150-270-102,mjpc,RR_calf,26.380366020269346,0.07004192343675217,5.323999999999857,False
mjpc-push-150-270-102,mjpc,RL_hip,7.557442972766253,0.02006559884989458,5.323999999999857,False
mjpc-push-150-270-102,mjpc,RL_thigh,45.53393326999728,0.12089613409536645,5.323999999999857,False
mjpc-push-150-270-102,mjpc,RL_calf,26.230643057261194,0.06964439732571628,5.323999999999857,False
