controller,direction_deg,force_n,impulse_n_s,trials,successes,success_rate,wilson_low,wilson_high,prepush_qualified,failed_before_push,completed,full_pulse_delivered,recovery_scope,recovery_time_s_n,recovery_time_s_mean,recovery_time_s_sd,physical_completion_rate,physical_completion_wilson_low,physical_completion_wilson_high
ppo_calf,90,50,10.0,3,0,0.0,5.551115123125783e-17,0.5614970317550454,3,0,0,3,Successful trials only; unrecovered trials remain failures,0,,,0.0,5.551115123125783e-17,0.5614970317550454
ppo_calf,90,100,20.0,3,0,0.0,5.551115123125783e-17,0.5614970317550454,3,0,0,3,Successful trials only; unrecovered trials remain failures,0,,,0.0,5.551115123125783e-17,0.5614970317550454
ppo_calf,90,150,30.0,3,0,0.0,5.551115123125783e-17,0.5614970317550454,3,0,0,3,Successful trials only; unrecovered trials remain failures,0,,,0.0,5.551115123125783e-17,0.5614970317550454
ppo_calf,270,50,10.0,3,0,0.0,5.551115123125783e-17,0.5614970317550454,3,0,0,3,Successful trials only; unrecovered trials remain failures,0,,,0.0,5.551115123125783e-17,0.5614970317550454
ppo_calf,270,100,20.0,3,0,0.0,5.551115123125783e-17,0.5614970317550454,3,0,0,3,Successful trials only; unrecovered trials remain failures,0,,,0.0,5.551115123125783e-17,0.5614970317550454
ppo_calf,270,150,30.0,3,0,0.0,5.551115123125783e-17,0.5614970317550454,3,0,0,3,Successful trials only; unrecovered trials remain failures,0,,,0.0,5.551115123125783e-17,0.5614970317550454
mjpc,90,50,10.0,3,1,0.3333333333333333,0.06149194472039621,0.7923403991979522,2,0,3,3,Successful trials only; unrecovered trials remain failures,1,1.8799999999996633,,1.0,0.4385029682449546,1
mjpc,90,100,20.0,3,0,0.0,5.551115123125783e-17,0.5614970317550454,2,0,0,1,Successful trials only; unrecovered trials remain failures,0,,,0.0,5.551115123125783e-17,0.5614970317550454
mjpc,90,150,30.0,3,1,0.3333333333333333,0.06149194472039621,0.7923403991979522,3,0,1,1,Successful trials only; unrecovered trials remain failures,1,2.7199999999995708,,0.3333333333333333,0.06149194472039621,0.7923403991979522
mjpc,270,50,10.0,3,0,0.0,5.551115123125783e-17,0.5614970317550454,3,0,1,3,Successful trials only; unrecovered trials remain failures,0,,,0.3333333333333333,0.06149194472039621,0.7923403991979522
mjpc,270,100,20.0,3,0,0.0,5.551115123125783e-17,0.5614970317550454,2,0,1,3,Successful trials only; unrecovered trials remain failures,0,,,0.3333333333333333,0.06149194472039621,0.7923403991979522
mjpc,270,150,30.0,3,0,0.0,5.551115123125783e-17,0.5614970317550454,2,1,0,2,Successful trials only; unrecovered trials remain failures,0,,,0.0,5.551115123125783e-17,0.5614970317550454
