controller,step,training_eval_reward,training_eval_reward_std,training_eval_episode_length,wall_time_s
ppo_calf,0,0.0031206661369651556,0.005405152216553688,27.5,38.82964710199997
ppo_calf,11468800,77.37088012695312,0.10235314816236496,1000.0,311.3652380599999
ppo_calf,22937600,83.15846252441406,0.11182238161563873,1000.0,537.315208813
ppo_calf,34406400,84.2109146118164,0.07478629052639008,1000.0,763.3828722190001
ppo_calf,45875200,84.45745849609375,0.19064517319202423,1000.0,971.676151401
ppo_calf,57344000,84.66411590576172,0.14747071266174316,1000.0,1180.060172839
ppo_calf,68812800,84.6721420288086,0.1388278603553772,1000.0,1388.509405079
ppo_calf,80281600,85.05316162109375,0.09262491017580032,1000.0,1596.717758735
ppo_calf,91750400,84.93213653564453,0.13571883738040924,1000.0,1804.838283361
ppo_calf,103219200,85.33887481689453,0.10564696043729782,1000.0,2013.0633109530002
ppo_calf,114688000,85.3163833618164,0.1795007884502411,1000.0,2221.39140829
ppo_calf,126156800,85.30867767333984,0.1275423765182495,1000.0,2432.604742669
ppo_calf,137625600,85.37200164794922,0.1355731189250946,1000.0,2648.6804570040003
ppo_calf,149094400,85.45802307128906,0.23411022126674652,1000.0,2864.609956984
ppo_calf,160563200,85.45283508300781,0.08406446874141693,1000.0,3078.4953630640002
ppo_calf,172032000,85.59788513183594,0.03186121955513954,1000.0,3290.4520596290004
ppo_calf,183500800,85.54425048828125,0.109288290143013,1000.0,3503.2232935210004
ppo_calf,194969600,85.51224517822266,0.1091977208852768,1000.0,3713.330423978
ppo_calf,206438400,85.57593536376953,0.18478164076805115,1000.0,3923.3804040740006
ppo_calf,217907200,85.4671630859375,0.14483393728733063,1000.0,4133.5074833690005
ppo_calf,229376000,85.51904296875,0.06597048789262772,1000.0,4342.539250705
ppo_gait,0,0.022644493728876114,0.015119578689336777,24.0,40.76008345400004
ppo_gait,11468800,81.12733459472656,0.16400907933712006,1000.0,322.2466709170001
ppo_gait,22937600,84.1417236328125,0.04571576789021492,1000.0,554.85898458
ppo_gait,34406400,84.71543884277344,0.11538642644882202,1000.0,784.7420692600001
ppo_gait,45875200,84.78968048095703,0.15561477839946747,1000.0,992.377645151
ppo_gait,57344000,85.06019592285156,0.17933407425880432,1000.0,1201.337951796
ppo_gait,68812800,85.30511474609375,0.10036531090736389,1000.0,1413.382054557
ppo_gait,80281600,85.368896484375,0.03682645037770271,1000.0,1627.038725447
ppo_gait,91750400,85.2696304321289,0.12166250497102737,1000.0,1843.8485119680001
ppo_gait,103219200,85.586669921875,0.09307258576154709,1000.0,2062.070988482
ppo_gait,114688000,85.5357666015625,0.15342047810554504,1000.0,2274.000193795
ppo_gait,126156800,85.48464965820312,0.13834239542484283,1000.0,2485.8719702589997
ppo_gait,137625600,85.45001983642578,0.10596124827861786,1000.0,2697.860594764
ppo_gait,149094400,85.52731323242188,0.11136077344417572,1000.0,2909.585727807
ppo_gait,160563200,85.65289306640625,0.031597863882780075,1000.0,3121.4942561079997
ppo_gait,172032000,85.58488464355469,0.10536959022283554,1000.0,3333.35393305
ppo_gait,183500800,85.61824035644531,0.08539565652608871,1000.0,3544.9742582970002
ppo_gait,194969600,85.54611206054688,0.10873185098171234,1000.0,3756.738898568
ppo_gait,206438400,85.56922912597656,0.15544140338897705,1000.0,3973.732710073
ppo_gait,217907200,85.41683197021484,0.07598963379859924,1000.0,4198.321407914
ppo_reference,0,0.0020867642015218735,0.0036143814213573933,29.5,39.78808316100003
ppo_reference,11468800,30.217056274414062,0.05260598659515381,1000.0,315.04801762499983
ppo_reference,22937600,32.67616653442383,0.03419879078865051,1000.0,542.1567114490003
ppo_reference,34406400,33.011383056640625,0.01243147999048233,1000.0,770.0932580840004
ppo_reference,45875200,33.2137451171875,0.05397551879286766,1000.0,980.1239611260003
ppo_reference,57344000,33.25514221191406,0.0777377039194107,1000.0,1190.8276994430003
ppo_reference,68812800,33.18513488769531,0.08729124069213867,1000.0,1400.880923444
ppo_reference,80281600,25.026165008544922,14.448942184448242,759.25,1612.2759630300002
ppo_reference,91750400,33.44230651855469,0.04030987620353699,1000.0,1822.8118751719999
ppo_reference,103219200,33.64970779418945,0.019387144595384598,1000.0,2033.4139812670005
ppo_reference,114688000,33.65013885498047,0.05978072062134743,1000.0,2243.667448724
ppo_reference,126156800,33.548057556152344,0.07168367505073547,1000.0,2454.3623112050004
ppo_reference,137625600,33.75285339355469,0.03279101103544235,1000.0,2666.439429486
ppo_reference,149094400,33.6054573059082,0.065580353140831,1000.0,2877.1081314460002
ppo_reference,160563200,33.733253479003906,0.028117598965764046,1000.0,3087.182017318
ppo_reference,172032000,33.744388580322266,0.02002817392349243,1000.0,3297.7535718840004
ppo_reference,183500800,33.81950378417969,0.05806750804185867,1000.0,3507.978226584
ppo_reference,194969600,33.677757263183594,0.03145752474665642,1000.0,3718.6563555570006
ppo_reference,206438400,33.783878326416016,0.0643039345741272,1000.0,3928.767989106
ppo_reference,217907200,33.83530044555664,0.02950054220855236,1000.0,4139.638886416
