complete,controller,controller_error,decision_deadline_miss_fraction,decision_mean_ms,decision_p95_ms,direction_deg,duration_s,failure_reason,finite,first_failure_time_s,force_n,forward_distance_m,id,intended_impulse_n_s,lateral_displacement_m,measured_impulse_n_s,minimum_calf_clearance_m,model_sha256,nominal_pass,observed_duration_s,positive_work_cot_control,positive_work_cot_physics,positive_work_j_control,positive_work_j_physics,postpush_planar_rmse_m_s,prepush_planar_rmse_m_s,prepush_qualified,push_success,recovery_time_s,robot_mass_kg,seed,steady_mean_forward_velocity_m_s,steady_planar_rmse_m_s,wall_time_s,gait_all_air_fraction,gait_one_swing_fraction,gait_phase_match,steady_world_planar_rmse_m_s,final_heading_deg,steady_lateral_position_rms_m,minimum_calf_clearance_m_physics,failure_geometries,full_pulse_delivered
False,ppo_reference,,0.0,1.0675518460629974,0.8732137512197369,0,30,nonfoot_ground_contact,True,0.5120000000000003,0,0.18409123116620063,ppo_reference-nominal-100,0.0,0.0016074447961790619,0.0,,82b91868325657efad18102e39201936c86ba1bdf93bc7f582fec0640377b1e4,False,0.5120000000000003,1.2938358779041552,1.7874120692020576,29.776129913995096,41.13521265820537,,,,,,12.743448,100,,,0.1394805819982139,,,,,-0.6419278222455573,,-0.002258661689293817,fl_calf2,False
False,ppo_reference,,0.0,0.6633329618265493,0.858218249049969,0,30,nonfoot_ground_contact,True,0.5120000000000003,0,0.18581976980694453,ppo_reference-nominal-101,0.0,0.003925855870631788,0.0,,82b91868325657efad18102e39201936c86ba1bdf93bc7f582fec0640377b1e4,False,0.5120000000000003,1.2775618740056476,1.7638144226193857,29.677671204695166,40.973283224610356,,,,,,12.743448,101,,,0.10583334799957811,,,,,-0.5149145612539345,,-0.0027779726907451504,fl_calf2,False
False,ppo_reference,,0.0,0.5380379997614699,0.6453322503148229,0,30,nonfoot_ground_contact,True,0.5120000000000003,0,0.17939398351512387,ppo_reference-nominal-102,0.0,0.002207654472463765,0.0,,82b91868325657efad18102e39201936c86ba1bdf93bc7f582fec0640377b1e4,False,0.5120000000000003,1.3288107059757874,1.8303553948280593,29.80073329075369,41.04868564293239,,,,,,12.743448,102,,,0.09718895399782923,,,,,-0.692740819025471,,-0.0003730418091132167,fl_calf2,False
False,ppo_reference,,0.0,0.6759121928413292,1.024623001285363,0,30,nonfoot_ground_contact,True,0.5120000000000003,0,0.18508837325325667,ppo_reference-nominal-103,0.0,0.0018747877966497752,0.0,,82b91868325657efad18102e39201936c86ba1bdf93bc7f582fec0640377b1e4,False,0.5120000000000003,1.2885121018344692,1.7790786445241387,29.814230088942914,41.165201303620705,,,,,,12.743448,103,,,0.11012214199945447,,,,,-0.2605186002747317,,-0.0027419689249293857,fl_calf2,False
False,ppo_reference,,0.0,0.6759005770548426,0.8277660017483868,0,30,nonfoot_ground_contact,True,0.5120000000000003,0,0.1827918337635877,ppo_reference-nominal-104,0.0,0.004866599637607139,0.0,,82b91868325657efad18102e39201936c86ba1bdf93bc7f582fec0640377b1e4,False,0.5120000000000003,1.3018556283555658,1.7973496530176298,29.749219306202768,41.071949786850816,,,,,,12.743448,104,,,0.12083346800136496,,,,,-0.15916986197752828,,-0.001451076079993249,fl_calf2,False
False,ppo_gait,,0.0,1.3286634499309002,1.6243814532572376,0,30,nonfoot_ground_contact,True,0.3840000000000003,0,0.10471121532625496,ppo_gait-nominal-100,0.0,-0.004509025183641356,0.0,,82b91868325657efad18102e39201936c86ba1bdf93bc7f582fec0640377b1e4,False,0.3840000000000003,1.7604362693577034,2.052854512646446,23.044615498883726,26.872454142486948,,,,,,12.743448,100,,,0.10882283699902473,,,,,0.2650476795169352,,-0.002906459571021666,fl_calf2,False
False,ppo_gait,,0.0,0.6467242628308381,1.0396899971965465,0,30,nonfoot_ground_contact,True,0.3800000000000003,0,0.1065295235892307,ppo_gait-nominal-101,0.0,0.0021530356351340263,0.0,,82b91868325657efad18102e39201936c86ba1bdf93bc7f582fec0640377b1e4,False,0.3800000000000003,1.8048499572057497,2.05445560771864,24.036268506509675,27.36041654026554,,,,,,12.743448,101,,,0.08849257200199645,,,,,-0.17205442426798687,,-0.0015186844276625696,fl_calf2,False
False,ppo_gait,,0.0,0.6210109497260419,0.7991416992808809,0,30,nonfoot_ground_contact,True,0.3840000000000003,0,0.09797362813498792,ppo_gait-nominal-102,0.0,-0.0048975864097498,0.0,,82b91868325657efad18102e39201936c86ba1bdf93bc7f582fec0640377b1e4,False,0.3840000000000003,1.9017971442319883,2.2016779669154616,23.293209913189695,26.966149991416085,,,,,,12.743448,102,,,0.08735834199978854,,,,,0.5618795681605617,,-0.0004531359224416772,fl_calf2,False
False,ppo_gait,,0.0,0.5946153005425003,0.7058179970044876,0,30,nonfoot_ground_contact,True,0.3840000000000003,0,0.1041980698495226,ppo_gait-nominal-103,0.0,0.0011235221085712133,0.0,,82b91868325657efad18102e39201936c86ba1bdf93bc7f582fec0640377b1e4,False,0.3840000000000003,1.8068014431373165,2.08322063565159,23.535642657012076,27.13631685575486,,,,,,12.743448,103,,,0.0865640740012168,,,,,1.0484840468583159,,-0.0029479448540663724,fl_calf2,False
False,ppo_gait,,0.0,0.6194238950755742,0.7494690005842131,0,30,nonfoot_ground_contact,True,0.3800000000000003,0,0.10908259844533302,ppo_gait-nominal-104,0.0,-0.001392179403927353,0.0,,82b91868325657efad18102e39201936c86ba1bdf93bc7f582fec0640377b1e4,False,0.3800000000000003,1.6528244462190826,1.9789005497611487,22.53918254255443,26.985806524497473,,,,,,12.743448,104,,,0.08726087700051721,,,,,0.4524710861434985,,-0.0007884231719517184,fl_calf2,False
True,ppo_calf,,0.0,0.6518354580233184,0.8668489983392647,0,30,,True,,0,12.49792474004157,ppo_calf-nominal-100,0.0,-1.4038482510123236,0.0,0.013248429313645319,82b91868325657efad18102e39201936c86ba1bdf93bc7f582fec0640377b1e4,True,30.000000000003357,1.1291834156569123,1.335149359841749,1764.2428037720106,2086.0452052346727,0.10072918947400725,0.10166150170188382,,,,12.743448,100,0.42272598088953023,0.10077186742437597,5.0709544790006476,0.005710206995003569,0.9250535331905781,0.9594932191291934,0.11632206517750769,-9.00370601064902,0.6846696582908176,0.0038084714204372847,,False
True,ppo_calf,,0.0,0.6948737860196464,0.9625821508961961,0,30,,True,,0,12.478072849232282,ppo_calf-nominal-101,0.0,-1.3119429625723145,0.0,0.013106359697335737,82b91868325657efad18102e39201936c86ba1bdf93bc7f582fec0640377b1e4,True,30.000000000003357,1.1341018027389966,1.3341538572883158,1769.1127647596636,2081.1787913410953,0.10140129620688094,0.10350621807373715,,,,12.743448,101,0.4214927453882826,0.10156730708659228,5.321358352000971,0.011420413990007138,0.9250535331905781,0.9580656673804425,0.11471616612535242,-7.925172400498655,0.6614941059018626,0.0034629355604615195,,False
True,ppo_calf,,0.0,0.6539282559315325,0.8652155474919709,0,30,,True,,0,12.477991895451304,ppo_calf-nominal-102,0.0,-1.260895653851997,0.0,0.013532904642526303,82b91868325657efad18102e39201936c86ba1bdf93bc7f582fec0640377b1e4,True,30.000000000003357,1.1313736942086052,1.3322765973427937,1764.8456726080335,2078.2369252292815,0.10132083348728721,0.10416532333652477,,,,12.743448,102,0.4216118308941607,0.10153497014994621,5.020123591999436,0.007851534618129907,0.9250535331905781,0.9589578872234118,0.11353512168088223,-7.656985103209482,0.6335211110538063,0.00333384236335286,,False
True,ppo_calf,,0.0,0.6586761359916029,0.9022596019349293,0,30,,True,,0,12.48076235634885,ppo_calf-nominal-103,0.0,-1.434678309700055,0.0,0.013111204936160923,82b91868325657efad18102e39201936c86ba1bdf93bc7f582fec0640377b1e4,True,30.000000000003357,1.1260331922582196,1.333728265002888,1756.9049439346797,2080.963331062848,0.10108313715627293,0.10269607401883032,,,,12.743448,103,0.42184051370460984,0.10116774958953716,5.0750002339991624,0.011420413990007138,0.9250535331905781,0.9580656673804425,0.11754953199035538,-10.204735950424839,0.6889839455055309,0.003635386118826448,,False
True,ppo_calf,,0.0,0.6636577813502905,0.8928520008339547,0,30,,True,,0,12.483392168939334,ppo_calf-nominal-104,0.0,-1.2984836186764555,0.0,0.013459759042577202,82b91868325657efad18102e39201936c86ba1bdf93bc7f582fec0640377b1e4,True,30.000000000003357,1.1287879190597707,1.331267438770843,1761.5741367845862,2077.5614707460363,0.10154621759041409,0.10201656516971479,,,,12.743448,104,0.42154223295818893,0.10153453931519812,5.17981975800285,0.008565310492505354,0.9250535331905781,0.958779443254818,0.11474965940053672,-8.297129967134527,0.6425065465554505,0.004569926617284928,,False
False,ppo_calf,,0.0,0.6055848198840411,0.8052319011767393,90,12,nonfoot_ground_contact,True,5.65999999999982,50,2.2737622034140945,ppo_calf-push-50-90-100,10.0,0.3766301112164552,9.999999999999996,0.008183264577079194,82b91868325657efad18102e39201936c86ba1bdf93bc7f582fec0640377b1e4,,5.65999999999982,1.1150668616777577,1.3123347815207487,316.9581408648553,373.0316152676674,0.8726277862538199,0.10166150170188382,True,False,,12.743448,100,0.4299781141320203,0.33798768929063877,0.9412670220008295,0.005434782608695652,0.7989130434782609,0.9211956521739131,0.3583020679202033,5.125498227789774,0.07702195779683106,0.0038084714204372847,fl_thigh1;fl_thigh2,True
False,ppo_calf,,0.0,0.6235849753322423,0.824470001680311,90,12,nonfoot_ground_contact,True,5.691999999999816,50,2.27478596126535,ppo_calf-push-50-90-101,10.0,0.3539764848634276,9.999999999999996,0.009552761053875434,82b91868325657efad18102e39201936c86ba1bdf93bc7f582fec0640377b1e4,,5.691999999999816,1.1389137170514034,1.3296409953429214,323.88237965000013,378.1210843318199,0.7982594173382143,0.10350621807373715,True,False,,12.743448,101,0.4267385909743307,0.3229821946625089,0.976027189000888,0.005376344086021506,0.7956989247311828,0.918010752688172,0.3496840889392779,4.12451414816563,0.07563102169309874,0.0034629355604615195,fl_thigh2,True
False,ppo_calf,,0.0,0.633506249026763,0.809925000066869,90,12,nonfoot_ground_contact,True,5.691999999999816,50,2.263865218267535,ppo_calf-push-50-90-102,10.0,0.3569955256834304,9.999999999999996,0.006557085355317039,82b91868325657efad18102e39201936c86ba1bdf93bc7f582fec0640377b1e4,,5.691999999999816,1.1384641031868574,1.3248427311645303,322.2002455518792,374.94783726946565,0.8270281655851925,0.10416532333652477,True,False,,12.743448,102,0.42654715496163126,0.33358089247236905,0.9525038240026333,0.0,0.7849462365591398,0.9193548387096774,0.3617121151680948,5.970621367649631,0.079589301751145,0.00333384236335286,fl_thigh1;fl_thigh2,True
False,ppo_calf,,0.0,0.6456556565149649,0.8439724013442174,270,12,nonfoot_ground_contact,True,5.875999999999796,50,2.161183358972853,ppo_calf-push-50-270-100,10.0,-0.7050201013843779,9.999999999999996,0.008409460493352014,82b91868325657efad18102e39201936c86ba1bdf93bc7f582fec0640377b1e4,,5.875999999999796,1.3378043496306582,1.5304834759284829,361.4432985565469,413.5006707659482,0.8166036826325559,0.10166150170188382,True,False,,12.743448,100,0.40172708034934784,0.36246436130830356,1.004710241999419,0.015384615384615385,0.764102564102564,0.8794871794871795,0.4026934008277858,-36.50441709958549,0.17169998327231323,0.0038084714204372847,rr_thigh1;rr_thigh3,True
False,ppo_calf,,0.0,0.6457991672356164,0.8761440010857766,270,12,inverted_torso,True,5.847999999999799,50,2.1688887209959016,ppo_calf-push-50-270-101,10.0,-0.6449489234433382,9.999999999999996,0.007854667439376172,82b91868325657efad18102e39201936c86ba1bdf93bc7f582fec0640377b1e4,,5.847999999999799,1.31338690426114,1.5179307081669657,356.1114276309511,411.5713882759418,0.7938579025320723,0.10350621807373715,True,False,,12.743448,101,0.39206719712972665,0.35020319268215894,1.0062851829970896,0.041237113402061855,0.7783505154639175,0.8814432989690721,0.36018827877871695,-23.458132902028613,0.16348250933770947,0.0034629355604615195,,True
False,ppo_calf,,0.0,0.6414936400574727,0.8358770013728645,270,12,inverted_torso,True,5.7719999999998075,50,2.11088982036532,ppo_calf-push-50-270-102,10.0,-0.5729526534607163,9.999999999999996,0.008716229366864519,82b91868325657efad18102e39201936c86ba1bdf93bc7f582fec0640377b1e4,,5.7719999999998075,1.376451894833262,1.575802279684824,363.2307120235218,415.8371144002408,0.6860601848983309,0.10416532333652477,True,False,,12.743448,102,0.3793918328834496,0.29663062310172833,0.959957844002929,0.031578947368421054,0.8,0.8842105263157894,0.34375694165880494,-12.889935039046692,0.14570823130326135,0.00333384236335286,,True
False,ppo_calf,,0.0,0.6239662160534043,0.8248723999713546,90,12,inverted_torso,True,5.447999999999843,100,2.216962133375594,ppo_calf-push-100-90-100,20.0,0.4410853244168551,19.999999999999993,0.009786351544227185,82b91868325657efad18102e39201936c86ba1bdf93bc7f582fec0640377b1e4,,5.447999999999843,1.166467576432035,1.3649031770682698,323.28600557576453,378.28235008620607,1.260721797278,0.10166150170188382,True,False,,12.743448,100,0.42505937280981637,0.4138767488371771,0.9292161130033492,0.04597701149425287,0.8218390804597702,0.9066091954022989,0.5109937068369536,-3.347015199901453,0.08767328917030645,0.0038084714204372847,,True
False,ppo_calf,,0.0,0.6503070038315821,0.8306935997097751,90,12,inverted_torso,True,5.451999999999843,100,2.2195065865017094,ppo_calf-push-100-90-101,20.0,0.42948148030262234,19.999999999999993,0.008582048859995537,82b91868325657efad18102e39201936c86ba1bdf93bc7f582fec0640377b1e4,,5.451999999999843,1.1663349228792006,1.3599705536819178,323.62024051340006,377.3478689870864,1.2571733353076031,0.10350621807373715,True,False,,12.743448,101,0.42071979130348963,0.41192912458333314,0.9500005299996701,0.05172413793103448,0.8275862068965517,0.9066091954022989,0.5040858460843498,-5.3081960567647375,0.08490798058145962,0.0034629355604615195,,True
False,ppo_calf,,0.0,0.6360394762161157,0.8249868005805183,90,12,inverted_torso,True,5.443999999999844,100,2.1986762801315516,ppo_calf-push-100-90-102,20.0,0.4192883661515807,19.999999999999993,0.008902771289478842,82b91868325657efad18102e39201936c86ba1bdf93bc7f582fec0640377b1e4,,5.443999999999844,1.1841384034859366,1.3784469954305067,325.4765589818386,378.88492045423635,1.2210930666265436,0.10416532333652477,True,False,,12.743448,102,0.4215295042095244,0.40589861725390847,0.9284595940007421,0.04597701149425287,0.8275862068965517,0.9066091954022989,0.5162464539649602,-3.6353392932072213,0.08830649960005837,0.00333384236335286,,True
False,ppo_calf,,0.0,0.6519678050501491,0.8224395511206238,270,12,inverted_torso,True,5.423999999999846,100,2.138465222504658,ppo_calf-push-100-270-100,20.0,-0.5142181375824256,19.999999999999993,0.012060088081227114,82b91868325657efad18102e39201936c86ba1bdf93bc7f582fec0640377b1e4,,5.423999999999846,1.1861139312337148,1.3975874592416462,317.0914684079294,373.626047220011,1.1953604323368627,0.10166150170188382,True,False,,12.743448,100,0.4316271727931311,0.37905492835604526,0.9634673529981228,0.023121387283236993,0.838150289017341,0.911849710982659,0.3766763300352408,-21.687367968807557,0.10669354263965329,0.0038084714204372847,,True
False,ppo_calf,,0.0,0.6379053052114614,0.8268573983514216,270,12,inverted_torso,True,5.427999999999845,100,2.133887664354377,ppo_calf-push-100-270-101,20.0,-0.5235964589840275,19.999999999999993,0.010917099002763256,82b91868325657efad18102e39201936c86ba1bdf93bc7f582fec0640377b1e4,,5.427999999999845,1.1925774187939724,1.395520134214385,318.13693536568644,372.27478211775093,1.199094616442791,0.10350621807373715,True,False,,12.743448,101,0.42780455352114577,0.3796664277336117,0.9377657270015334,0.023121387283236993,0.838150289017341,0.9104046242774566,0.376438000738741,-19.587492110084927,0.10910977147828184,0.0034629355604615195,,True
False,ppo_calf,,0.0,0.6346813652573567,0.8546095014025923,270,12,inverted_torso,True,5.411999999999847,100,2.120656293712915,ppo_calf-push-100-270-102,20.0,-0.5235962653083616,19.999999999999993,0.014126570257310492,82b91868325657efad18102e39201936c86ba1bdf93bc7f582fec0640377b1e4,,5.411999999999847,1.19813711443618,1.397128995125596,317.638228822104,370.392982656693,1.172220719252945,0.10416532333652477,True,False,,12.743448,102,0.42932219392189064,0.367383321169199,0.9299219730019104,0.01744186046511628,0.8372093023255814,0.9186046511627907,0.36727931985153317,-22.453487733489364,0.11111221564983322,0.00333384236335286,,True
False,ppo_calf,,0.0,0.6588356754131817,0.8789388011791742,90,12,inverted_torso,True,5.351999999999854,150,2.1680971754585547,ppo_calf-push-150-90-100,30.0,0.48376293323813896,30.00000000000003,0.011967223081329368,82b91868325657efad18102e39201936c86ba1bdf93bc7f582fec0640377b1e4,,5.351999999999854,1.2122750974996883,1.4242356419867734,328.576036197668,386.02599593164973,1.3869238093455745,0.10166150170188382,True,False,,12.743448,100,0.42656526665521743,0.4400192442506917,0.9398765529986122,0.03550295857988166,0.8461538461538461,0.915680473372781,0.6403025291286215,7.11895671958341,0.08431558823941135,0.0038084714204372847,,True
False,ppo_calf,,0.0,0.6569159590234543,0.8598144007919473,90,12,inverted_torso,True,5.355999999999853,150,2.1679581535314494,ppo_calf-push-150-90-101,30.0,0.4892348421747353,30.00000000000003,0.00953027030718106,82b91868325657efad18102e39201936c86ba1bdf93bc7f582fec0640377b1e4,,5.355999999999853,1.2045459107686824,1.409938690487338,326.4601765886979,382.12643433574067,1.3911321894594064,0.10350621807373715,True,False,,12.743448,101,0.4256550111143482,0.4415524042363725,0.9351568520032743,0.03550295857988166,0.8461538461538461,0.915680473372781,0.6473990158301008,5.331197003049547,0.08426075272780603,0.0034629355604615195,,True
False,ppo_calf,,0.0,0.6329869478468569,0.799978900067799,90,12,inverted_torso,True,5.351999999999854,150,2.1516929123619577,ppo_calf-push-150-90-102,30.0,0.47554191253596634,30.00000000000003,0.007427956321644705,82b91868325657efad18102e39201936c86ba1bdf93bc7f582fec0640377b1e4,,5.351999999999854,1.2251748885177363,1.4153075477649177,329.55987893372935,380.7036762398085,1.393575430988859,0.10416532333652477,True,False,,12.743448,102,0.4237584542068941,0.4443874974134971,0.8894810659985524,0.03550295857988166,0.8461538461538461,0.9142011834319527,0.6522902920926518,3.8528508728941624,0.08709768800648997,0.00333384236335286,,True
False,ppo_calf,,0.0,0.6404874738403403,0.8101122502921498,270,12,inverted_torso,True,5.319999999999857,150,2.1170677479554127,ppo_calf-push-150-270-100,30.0,-0.5282714659877329,30.00000000000003,0.013823166586919936,82b91868325657efad18102e39201936c86ba1bdf93bc7f582fec0640377b1e4,,5.319999999999857,1.2028144561632517,1.401898680384996,318.3386378490716,371.0285605809177,1.2347595506786038,0.10166150170188382,True,False,,12.743448,100,0.43552030322593976,0.3849758580950007,0.9142667179985438,0.023952095808383235,0.8562874251497006,0.9281437125748503,0.44435382862501344,-19.11053572359515,0.09064462103891013,0.0038084714204372847,,True
False,ppo_calf,,0.0,0.669672718200823,0.8861055002853391,270,12,inverted_torso,True,5.311999999999858,150,2.1052863888220696,ppo_calf-push-150-270-101,30.0,-0.5095641506688594,30.00000000000003,0.013739142075615477,82b91868325657efad18102e39201936c86ba1bdf93bc7f582fec0640377b1e4,,5.311999999999858,1.2135798293069964,1.4167429811566195,319.4004257322366,372.87065952058794,1.0639003567018397,0.10350621807373715,True,False,,12.743448,101,0.42827201652367114,0.36321134618730494,0.9480215259973193,0.023952095808383235,0.8622754491017964,0.9296407185628742,0.4347938571626165,-16.63662493030977,0.091621144407296,0.0034629355604615195,,True
False,ppo_calf,,0.0,0.6385080525529032,0.842046501020377,270,12,inverted_torso,True,5.311999999999858,150,2.0947231846850247,ppo_calf-push-150-270-102,30.0,-0.5352980634168155,30.00000000000003,0.014126570257310492,82b91868325657efad18102e39201936c86ba1bdf93bc7f582fec0640377b1e4,,5.311999999999858,1.2226496309810644,1.4193319012419203,320.17293650118756,371.6777490259408,1.1134437727291437,0.10416532333652477,True,False,,12.743448,102,0.43134212358501317,0.37320328862654056,0.9300691670032393,0.029940119760479042,0.8562874251497006,0.9251497005988024,0.4449613403817921,-18.35598476738888,0.10065230819880579,0.00333384236335286,,True
False,mjpc,,1.0,216.04581333357487,236.94717299986223,0,30,nonfoot_ground_contact,True,4.603999999999936,0,1.652331809426026,mjpc-nominal-100,0.0,0.3424066522074457,0.0,-0.0008972466466684922,82b91868325657efad18102e39201936c86ba1bdf93bc7f582fec0640377b1e4,False,4.603999999999936,1.2648137950645555,1.450156886933021,261.26414689504554,299.54923278583726,,0.12361949316422977,,,,12.743448,100,0.40390534124970057,0.12361949316422977,50.59569323500182,0.007575757575757576,0.6818181818181818,0.8863636363636364,0.18013597974689302,17.573334753374137,0.19680090495392244,-0.0008972466466684922,rr_calf2,False
False,mjpc,,1.0,218.0367332213748,241.39166599852615,0,30,nonfoot_ground_contact,True,16.787999999998945,0,5.506826302742862,mjpc-nominal-101,0.0,3.273012718856874,0.0,-0.0009525738372211708,82b91868325657efad18102e39201936c86ba1bdf93bc7f582fec0640377b1e4,False,16.787999999998945,1.4700952128336808,1.710690091098402,1012.0519359922271,1177.6837333152573,0.13749752948564425,0.13112137671892538,,,,12.743448,101,0.39975575060387725,0.13563001844782574,185.54618886599928,0.001349527665317139,0.6437246963562753,0.8599865047233468,0.288307352025596,42.6511198154308,1.816667515868636,-0.0009525738372211708,fr_calf2,False
True,mjpc,,1.0,244.0141693359692,282.59421679995285,0,30,,True,,0,10.5670040475102,mjpc-nominal-102,0.0,5.110734400904671,0.0,0.004306951600538589,82b91868325657efad18102e39201936c86ba1bdf93bc7f582fec0640377b1e4,True,30.000000000003357,1.2690301052030255,1.465858717994573,1676.408125869165,1936.4217256525337,0.1386951110115845,0.12591541834131528,,,,12.743448,102,0.3979554081780035,0.13738554406797626,371.4273363430002,0.0014275517487508922,0.681655960028551,0.8832976445396146,0.25466830659682616,16.47831816089433,3.1876294078102885,0.0023376810303403026,,False
True,mjpc,,1.0,241.37826840137132,273.05074095220334,0,30,,True,,0,10.422071810848363,mjpc-nominal-103,0.0,4.911783015890975,0.0,0.0027887719282408633,82b91868325657efad18102e39201936c86ba1bdf93bc7f582fec0640377b1e4,True,30.000000000003357,1.3230781046680178,1.5103267960407454,1723.8342379903136,1967.799960095723,0.1415152263782894,0.15742508604413322,,,,12.743448,103,0.3890683067860185,0.14333134925009627,366.9921823219993,0.0035688793718772305,0.683083511777302,0.8756245538900785,0.24864933139409326,29.251176893765233,2.898925477093155,0.0027887719282408633,,False
False,mjpc,,1.0,235.1030414162164,261.36495055161504,0,30,nonfoot_ground_contact,True,29.58400000000322,0,9.937330605513525,mjpc-nominal-104,0.0,5.041902683118559,0.0,-0.0033091019322875736,82b91868325657efad18102e39201936c86ba1bdf93bc7f582fec0640377b1e4,False,29.58400000000322,1.4066038027408208,1.6179080044446053,1747.4207332294857,2009.9234666617608,0.15401645723230187,0.14171676993266394,,,,12.743448,104,0.38476246431360056,0.15238276739290557,353.2648772149987,0.001448225923244026,0.6937002172338885,0.8807023895727734,0.2668002911146699,32.81575981570178,2.9366765254715492,-0.0033091019322875736,fr_calf2,False
True,mjpc,,1.0,229.93770482506685,273.81983214872884,90,12,,True,,50,4.294370101947286,mjpc-push-50-90-100,10.0,1.843527481652756,9.999999999999996,0.00314343651699687,82b91868325657efad18102e39201936c86ba1bdf93bc7f582fec0640377b1e4,,11.999999999999122,1.2825684992828048,1.4688850249051106,688.5508174364758,788.5754134646021,0.1424309826183934,0.1548948914883877,False,False,,12.743448,100,0.3970961285071192,0.15166573751603918,139.99179255800118,0.0,0.6806387225548902,0.8857285429141717,0.24825277731497206,20.46174084715003,1.1414500116812354,0.0002447842590226155,,True
True,mjpc,,1.0,223.951488828255,248.2158827013336,90,12,,True,,50,4.164512593838578,mjpc-push-50-90-101,10.0,2.0256346436695587,9.999999999999996,0.005389299486421655,82b91868325657efad18102e39201936c86ba1bdf93bc7f582fec0640377b1e4,,11.999999999999122,1.3497596191842127,1.5367054507159377,702.7107048464818,800.0382846441117,0.14215149338920063,0.14387080834692054,True,False,,12.743448,101,0.3941807252520677,0.14755804029933334,136.18659202599883,0.0,0.6906187624750499,0.8802395209580839,0.2648443416644229,12.242726086856518,1.2578746963702931,0.0034549551251371134,,True
True,mjpc,,1.0,225.4676911299551,257.97784179867443,90,12,,True,,50,4.435809861544363,mjpc-push-50-90-102,10.0,1.5870180589531202,9.999999999999996,0.003482576329112608,82b91868325657efad18102e39201936c86ba1bdf93bc7f582fec0640377b1e4,,11.999999999999122,1.1871152546733035,1.37322546655601,658.2968339889451,761.5014409326188,0.138249327298918,0.143193266453592,True,True,1.8799999999996633,12.743448,102,0.40406177369585655,0.14639811217168955,137.06536080800288,0.0,0.720558882235529,0.8887225548902196,0.22405400615119755,19.591249298782436,0.87007164050693,0.001351556298250704,,True
True,mjpc,,1.0,227.9510498649203,250.2244708468424,270,12,,True,,50,4.336270314471485,mjpc-push-50-270-100,10.0,1.4415702993310964,9.999999999999996,0.00031619804870946545,82b91868325657efad18102e39201936c86ba1bdf93bc7f582fec0640377b1e4,,11.999999999999122,1.2338075393707535,1.424952745111972,668.8361305778127,772.4542522920452,0.1498489100609396,0.13395647516753764,True,False,,12.743448,100,0.3880094331877022,0.14899131138210117,138.47398737899857,0.0,0.6926147704590818,0.8837325349301397,0.21251859928176672,17.654337624985757,0.8902017502296843,9.949721694650117e-05,,True
False,mjpc,,1.0,499.2770412121249,636.1198449994845,270,12,nonfoot_ground_contact,True,9.603999999999386,50,3.285876489055016,mjpc-push-50-270-101,10.0,1.3130666594701963,9.999999999999996,-0.0004997295700609108,82b91868325657efad18102e39201936c86ba1bdf93bc7f582fec0640377b1e4,,9.603999999999386,1.382369223666652,1.5845197969267482,567.8468877050362,650.8858992138858,0.151005522312594,0.13301472113606497,True,False,,12.743448,101,0.38917962561920766,0.14636107402940737,243.16999571199995,0.002617801047120419,0.6492146596858639,0.868455497382199,0.24354245934093874,29.710352188146643,0.8315635697405356,-0.0004997295700609108,fr_calf2,True
False,mjpc,,1.0,274.51552024827083,579.9748755012843,270,12,nonfoot_ground_contact,True,11.595999999999167,50,3.898058269756339,mjpc-push-50-270-102,10.0,1.7010897533824858,9.999999999999996,0.003519458631258224,82b91868325657efad18102e39201936c86ba1bdf93bc7f582fec0640377b1e4,,11.595999999999167,1.470780186504572,1.6455153425928764,716.7241793330998,801.8741646926841,0.15132058595457137,0.14856295922920829,True,False,,12.743448,102,0.3871686581024365,0.15536265956598944,161.48562126699835,0.002079002079002079,0.6153846153846154,0.8513513513513513,0.2682036622016408,25.687530989388172,0.8603302755228377,0.0033318790872851004,fl_calf1,True
False,mjpc,,1.0,216.79124188249537,235.14333964758404,90,12,nonfoot_ground_contact,True,5.267999999999863,100,1.7026553696911035,mjpc-push-100-90-100,20.0,1.160007111129658,19.999999999999993,-0.0014530806206669144,82b91868325657efad18102e39201936c86ba1bdf93bc7f582fec0640377b1e4,,5.267999999999863,1.516524330036666,1.6669622589184159,322.79893493009797,354.82031583003027,0.8910669157276897,0.1267875958752157,True,False,,12.743448,100,0.43945279280691874,0.2743111451785873,58.005070207000244,0.0,0.6242424242424243,0.8545454545454545,0.4154104771016453,39.989326432159224,0.6665445434275123,-0.0014530806206669144,fl_calf2,True
False,mjpc,,1.0,212.93618444616678,229.06332669845142,90,12,nonfoot_ground_contact,True,5.191999999999871,100,1.8266162185471364,mjpc-push-100-90-101,20.0,0.6050347962172623,19.199999999999996,-0.000646299306820414,82b91868325657efad18102e39201936c86ba1bdf93bc7f582fec0640377b1e4,,5.191999999999871,1.2759495270877557,1.46128393445531,291.3645853606505,333.6859167372602,,0.12820199908240845,True,False,,12.743448,101,0.4254054658380653,0.22134010694468992,56.110357857000054,0.006211180124223602,0.6645962732919255,0.8695652173913043,0.2815135199446964,31.32434672252519,0.33416980371533617,-0.000646299306820414,fl_calf2,False
False,mjpc,,1.0,210.4469104537062,226.61841859790002,90,12,nonfoot_ground_contact,True,5.187999999999872,100,1.8489999285086685,mjpc-push-100-90-102,20.0,0.5880446952825017,18.799999999999997,-0.0012015892444068536,82b91868325657efad18102e39201936c86ba1bdf93bc7f582fec0640377b1e4,,5.187999999999872,1.3472901974106821,1.5622686354697568,311.42537985726665,361.1175262577511,,0.16301340200182665,False,False,,12.743448,102,0.4114796427585362,0.24450417810176162,55.474978328998986,0.0,0.6645962732919255,0.8773291925465838,0.3061242582415471,30.939913527699073,0.3094791480136623,-0.0012015892444068536,fl_calf2,False
False,mjpc,,1.0,220.65921756879158,249.41193250197102,270,12,nonfoot_ground_contact,True,5.519999999999835,100,2.1860007154717067,mjpc-push-100-270-100,20.0,0.15525620191864153,19.999999999999993,0.0068759019584185375,82b91868325657efad18102e39201936c86ba1bdf93bc7f582fec0640377b1e4,,5.519999999999835,1.3324780837399803,1.4766368632132123,364.13827695534724,403.53384391133795,0.9721516804684373,0.11161898781662487,True,False,,12.743448,100,0.443997006535381,0.35034160588478563,61.73407172900261,0.02824858757062147,0.5875706214689266,0.8375706214689266,0.38734090316257486,-32.192180715383834,0.392808594060462,0.0038018812143247125,fr_calf1,True
True,mjpc,,1.0,218.18986647496786,236.19788479991257,270,12,,True,,100,4.421261646220763,mjpc-push-100-270-101,20.0,0.4419581833362927,19.999999999999993,0.0036982921997056623,82b91868325657efad18102e39201936c86ba1bdf93bc7f582fec0640377b1e4,,11.999999999999122,1.4436998948237632,1.6065657317219626,797.956285782726,887.9748684245479,0.21598754261770775,0.1432600039433618,True,False,,12.743448,101,0.38990559503268246,0.20462372830064166,132.67503521100298,0.013972055888223553,0.5868263473053892,0.8353293413173652,0.24860598672370432,15.258080367317271,0.24664964356881988,0.0023533003925514124,,True
False,mjpc,,1.0,220.68416004934937,248.9213993498197,270,12,nonfoot_ground_contact,True,5.675999999999818,100,2.105158502070244,mjpc-push-100-270-102,20.0,-0.5177698115926311,19.999999999999993,0.002707360693305733,82b91868325657efad18102e39201936c86ba1bdf93bc7f582fec0640377b1e4,,5.675999999999818,1.614355291670474,1.7649897519431597,424.85416536053333,464.4970359379661,0.8226015319754536,0.1752899599969263,False,False,,12.743448,102,0.3961409864339101,0.40277954115982567,63.4528210890021,0.043243243243243246,0.4594594594594595,0.777027027027027,0.44613385890443047,-24.83109275239335,0.24636754592969992,0.002707360693305733,fr_hip,True
False,mjpc,,1.0,217.02296439004058,234.16104889947746,90,12,nonfoot_ground_contact,True,5.179999999999873,150,1.8861872941719284,mjpc-push-150-90-100,30.0,0.6035827117180153,27.00000000000002,0.0074240161661190355,82b91868325657efad18102e39201936c86ba1bdf93bc7f582fec0640377b1e4,,5.179999999999873,1.3787215373661248,1.5825380210698416,325.1002724057664,373.1598642646466,,0.1425086142247305,True,False,,12.743448,100,0.4222740428860529,0.3055277114613414,56.93506722300299,0.0,0.61875,0.8546875,0.3539932823487574,28.121544020678343,0.29970693015262956,0.0038014497739138012,fl_calf1,False
False,mjpc,,1.0,218.218461727058,235.85356025141664,90,12,nonfoot_ground_contact,True,5.183999999999872,150,1.9159815807304341,mjpc-push-150-90-101,30.0,0.670300539215214,27.600000000000023,0.0038999097732559957,82b91868325657efad18102e39201936c86ba1bdf93bc7f582fec0640377b1e4,,5.183999999999872,1.2920178894324754,1.5127442226608017,309.46804772456954,362.3370892326383,,0.12277307083012222,True,False,,12.743448,101,0.4610708417402672,0.35971294208600507,57.48084493100032,0.0,0.7329192546583851,0.8881987577639752,0.43722524438960275,38.17886044732568,0.29380240090751125,0.003000895313067348,fl_calf1,False
True,mjpc,,1.0,215.22073241338148,236.0925651484649,90,12,,True,,150,3.296194250238345,mjpc-push-150-90-102,30.0,3.6345165489737465,30.00000000000003,0.002759948445485218,82b91868325657efad18102e39201936c86ba1bdf93bc7f582fec0640377b1e4,,11.999999999999122,1.7527918600596406,1.9770569194552614,722.2692136797546,814.6816397050596,0.2457886672496074,0.1471955714439843,True,True,2.7199999999995708,12.743448,102,0.43066521584599554,0.2765097351886352,130.92572039100196,0.01996007984031936,0.6626746506986028,0.8562874251497006,0.5237802517720064,34.654076740232234,2.304800369425905,0.0024730656488271014,,True
False,mjpc,,1.0,220.01160803939845,242.0433375509674,270,12,nonfoot_ground_contact,True,5.5999999999998264,150,1.986383520893666,mjpc-push-150-270-100,30.0,-0.04768486798950317,30.00000000000003,-0.001939817954667836,82b91868325657efad18102e39201936c86ba1bdf93bc7f582fec0640377b1e4,,5.5999999999998264,1.4547906272454614,1.6765518986908705,361.2597329284923,416.3284254233981,1.1376627187653097,0.1303251110588309,True,False,,12.743448,100,0.4086995113509454,0.4582535116222855,62.388998476999404,0.049723756906077346,0.56353591160221,0.8107734806629834,0.5611337486715042,-45.24654858414568,0.48053242873231866,-0.001939817954667836,rr_calf2,True
False,mjpc,,1.0,229.17931014900265,249.65180290018907,270,12,nonfoot_ground_contact,True,1.8680000000000014,150,0.5866807990483643,mjpc-push-150-270-101,30.0,0.18639698708101837,0.0,,82b91868325657efad18102e39201936c86ba1bdf93bc7f582fec0640377b1e4,,1.8680000000000014,1.2475595174098866,1.4171004686305178,91.49958136058493,103.93419938375561,,,False,False,,12.743448,101,,,21.839276257000165,,,,,18.26868935407297,,0.003448246841693906,fl_calf1,False
False,mjpc,,1.0,219.20031538196483,238.97235139884287,270,12,nonfoot_ground_contact,True,5.323999999999857,150,2.035517767225316,mjpc-push-150-270-102,30.0,0.15162354597478309,30.00000000000003,0.006308255791513848,82b91868325657efad18102e39201936c86ba1bdf93bc7f582fec0640377b1e4,,5.323999999999857,1.3160054887924975,1.4801028575817778,334.87949545647473,376.6368015877062,1.716141703467304,0.1347733859941361,True,False,,12.743448,102,0.41872479763548176,0.4565317326885632,59.27923540900156,0.03571428571428571,0.6369047619047619,0.8452380952380952,0.47853083255205725,-11.67289642378518,0.4232931506009738,0.0030470811220834147,fr_thigh2,True
